split,image_id,category_id,file_name,width,height,scientific_name,image_dir_name
train_mini,57164,1550,train_mini/01550_Animalia_Arthropoda_Insecta_Lepidoptera_Noctuidae_Acronicta_aceris/5ecd8376-f46c-4cb1-a0f0-759229c915a9.jpg,500,409,Acronicta aceris,01550_Animalia_Arthropoda_Insecta_Lepidoptera_Noctuidae_Acronicta_aceris
train_mini,111301,1550,train_mini/01550_Animalia_Arthropoda_Insecta_Lepidoptera_Noctuidae_Acronicta_aceris/ea88792b-faa5-4bbe-ae41-bf24841a0cc8.jpg,500,332,Acronicta aceris,01550_Animalia_Arthropoda_Insecta_Lepidoptera_Noctuidae_Acronicta_aceris
train_mini,256193,1550,train_mini/01550_Animalia_Arthropoda_Insecta_Lepidoptera_Noctuidae_Acronicta_aceris/9967f105-eae1-4bc2-9723-7e4b0dfedb14.jpg,375,500,Acronicta aceris,01550_Animalia_Arthropoda_Insecta_Lepidoptera_Noctuidae_Acronicta_aceris
train_mini,297565,1550,train_mini/01550_Animalia_Arthropoda_Insecta_Lepidoptera_Noctuidae_Acronicta_aceris/119fcd5f-8112-45e4-9bb0-006a8e7ede60.jpg,500,333,Acronicta aceris,01550_Animalia_Arthropoda_Insecta_Lepidoptera_Noctuidae_Acronicta_aceris
train_mini,531361,1550,train_mini/01550_Animalia_Arthropoda_Insecta_Lepidoptera_Noctuidae_Acronicta_aceris/42331977-72a8-4cc3-9014-f2b0fcb69a02.jpg,500,281,Acronicta aceris,01550_Animalia_Arthropoda_Insecta_Lepidoptera_Noctuidae_Acronicta_aceris
train_mini,612719,1550,train_mini/01550_Animalia_Arthropoda_Insecta_Lepidoptera_Noctuidae_Acronicta_aceris/97cdd69a-92a3-42ff-8d4e-5ef5e9ebb330.jpg,500,333,Acronicta aceris,01550_Animalia_Arthropoda_Insecta_Lepidoptera_Noctuidae_Acronicta_aceris
train_mini,633535,1550,train_mini/01550_Animalia_Arthropoda_Insecta_Lepidoptera_Noctuidae_Acronicta_aceris/6f597a9e-31d1-4086-b05a-ddf5e974a6d9.jpg,500,375,Acronicta aceris,01550_Animalia_Arthropoda_Insecta_Lepidoptera_Noctuidae_Acronicta_aceris
train_mini,935766,1550,train_mini/01550_Animalia_Arthropoda_Insecta_Lepidoptera_Noctuidae_Acronicta_aceris/39dc715b-fb17-47a7-ac1c-31374aef5867.jpg,500,496,Acronicta aceris,01550_Animalia_Arthropoda_Insecta_Lepidoptera_Noctuidae_Acronicta_aceris
train_mini,951054,1550,train_mini/01550_Animalia_Arthropoda_Insecta_Lepidoptera_Noctuidae_Acronicta_aceris/32d8946d-cbfb-4742-a3cb-24bc66c3ddd8.jpg,500,303,Acronicta aceris,01550_Animalia_Arthropoda_Insecta_Lepidoptera_Noctuidae_Acronicta_aceris
train_mini,1076783,1550,train_mini/01550_Animalia_Arthropoda_Insecta_Lepidoptera_Noctuidae_Acronicta_aceris/1bc78369-1289-4910-bc08-1bbc5b618a76.jpg,500,375,Acronicta aceris,01550_Animalia_Arthropoda_Insecta_Lepidoptera_Noctuidae_Acronicta_aceris
train_mini,1269767,1550,train_mini/01550_Animalia_Arthropoda_Insecta_Lepidoptera_Noctuidae_Acronicta_aceris/cefc344e-c743-4793-b352-bd9fc331bb3d.jpg,500,333,Acronicta aceris,01550_Animalia_Arthropoda_Insecta_Lepidoptera_Noctuidae_Acronicta_aceris
train_mini,1273154,1550,train_mini/01550_Animalia_Arthropoda_Insecta_Lepidoptera_Noctuidae_Acronicta_aceris/a27a7d33-a6f3-430b-a475-c04a4cbcffd8.jpg,500,375,Acronicta aceris,01550_Animalia_Arthropoda_Insecta_Lepidoptera_Noctuidae_Acronicta_aceris
train_mini,1274285,1550,train_mini/01550_Animalia_Arthropoda_Insecta_Lepidoptera_Noctuidae_Acronicta_aceris/86fd7eaf-2011-4b8d-986d-270b33d9dae7.jpg,375,500,Acronicta aceris,01550_Animalia_Arthropoda_Insecta_Lepidoptera_Noctuidae_Acronicta_aceris
train_mini,1484078,1550,train_mini/01550_Animalia_Arthropoda_Insecta_Lepidoptera_Noctuidae_Acronicta_aceris/fc2f071a-4779-416d-ab8a-842f3f02db69.jpg,500,375,Acronicta aceris,01550_Animalia_Arthropoda_Insecta_Lepidoptera_Noctuidae_Acronicta_aceris
train_mini,1638465,1550,train_mini/01550_Animalia_Arthropoda_Insecta_Lepidoptera_Noctuidae_Acronicta_aceris/3cdeb695-c55f-4d43-a534-d683a8521b74.jpg,500,333,Acronicta aceris,01550_Animalia_Arthropoda_Insecta_Lepidoptera_Noctuidae_Acronicta_aceris
train_mini,1707815,1550,train_mini/01550_Animalia_Arthropoda_Insecta_Lepidoptera_Noctuidae_Acronicta_aceris/31b7242e-323e-44bb-8fac-659161dcff22.jpg,500,375,Acronicta aceris,01550_Animalia_Arthropoda_Insecta_Lepidoptera_Noctuidae_Acronicta_aceris
train_mini,1757580,1550,train_mini/01550_Animalia_Arthropoda_Insecta_Lepidoptera_Noctuidae_Acronicta_aceris/3b90e1b0-7b43-464f-a161-9c1c0910218e.jpg,500,375,Acronicta aceris,01550_Animalia_Arthropoda_Insecta_Lepidoptera_Noctuidae_Acronicta_aceris
train_mini,1902901,1550,train_mini/01550_Animalia_Arthropoda_Insecta_Lepidoptera_Noctuidae_Acronicta_aceris/3802f5ab-c736-4483-a83c-954822a8c337.jpg,500,500,Acronicta aceris,01550_Animalia_Arthropoda_Insecta_Lepidoptera_Noctuidae_Acronicta_aceris
train_mini,1920039,1550,train_mini/01550_Animalia_Arthropoda_Insecta_Lepidoptera_Noctuidae_Acronicta_aceris/f6192e2e-3628-4546-8387-ef06cd079578.jpg,398,500,Acronicta aceris,01550_Animalia_Arthropoda_Insecta_Lepidoptera_Noctuidae_Acronicta_aceris
train_mini,1920439,1550,train_mini/01550_Animalia_Arthropoda_Insecta_Lepidoptera_Noctuidae_Acronicta_aceris/9e54f41e-509a-47b5-8f64-634a5858a745.jpg,500,375,Acronicta aceris,01550_Animalia_Arthropoda_Insecta_Lepidoptera_Noctuidae_Acronicta_aceris
train_mini,1964910,1550,train_mini/01550_Animalia_Arthropoda_Insecta_Lepidoptera_Noctuidae_Acronicta_aceris/08311bda-adf5-4d03-8f12-111041e331ab.jpg,375,500,Acronicta aceris,01550_Animalia_Arthropoda_Insecta_Lepidoptera_Noctuidae_Acronicta_aceris
train_mini,2005528,1550,train_mini/01550_Animalia_Arthropoda_Insecta_Lepidoptera_Noctuidae_Acronicta_aceris/501633d4-3ea5-4dcb-ad84-54cd31b6cdc1.jpg,375,500,Acronicta aceris,01550_Animalia_Arthropoda_Insecta_Lepidoptera_Noctuidae_Acronicta_aceris
train_mini,2030824,1550,train_mini/01550_Animalia_Arthropoda_Insecta_Lepidoptera_Noctuidae_Acronicta_aceris/e99749c9-0665-4389-b000-aab23b5a60d7.jpg,375,500,Acronicta aceris,01550_Animalia_Arthropoda_Insecta_Lepidoptera_Noctuidae_Acronicta_aceris
train_mini,2095777,1550,train_mini/01550_Animalia_Arthropoda_Insecta_Lepidoptera_Noctuidae_Acronicta_aceris/68fcc2be-808c-4b0b-8069-2c1871621a38.jpg,375,500,Acronicta aceris,01550_Animalia_Arthropoda_Insecta_Lepidoptera_Noctuidae_Acronicta_aceris
train_mini,2103406,1550,train_mini/01550_Animalia_Arthropoda_Insecta_Lepidoptera_Noctuidae_Acronicta_aceris/5a547e95-9369-4554-a12a-fc4541db82d5.jpg,500,375,Acronicta aceris,01550_Animalia_Arthropoda_Insecta_Lepidoptera_Noctuidae_Acronicta_aceris
train_mini,2129672,1550,train_mini/01550_Animalia_Arthropoda_Insecta_Lepidoptera_Noctuidae_Acronicta_aceris/df1291e7-e61a-40d2-ba3e-3ecb38ac2010.jpg,500,375,Acronicta aceris,01550_Animalia_Arthropoda_Insecta_Lepidoptera_Noctuidae_Acronicta_aceris
train_mini,2164546,1550,train_mini/01550_Animalia_Arthropoda_Insecta_Lepidoptera_Noctuidae_Acronicta_aceris/e69c82b7-4509-47a7-afdf-f37d168c32ce.jpg,375,500,Acronicta aceris,01550_Animalia_Arthropoda_Insecta_Lepidoptera_Noctuidae_Acronicta_aceris
train_mini,2170425,1550,train_mini/01550_Animalia_Arthropoda_Insecta_Lepidoptera_Noctuidae_Acronicta_aceris/6216c466-2a13-4b6c-aece-aa80817077f7.jpg,500,407,Acronicta aceris,01550_Animalia_Arthropoda_Insecta_Lepidoptera_Noctuidae_Acronicta_aceris
train_mini,2190360,1550,train_mini/01550_Animalia_Arthropoda_Insecta_Lepidoptera_Noctuidae_Acronicta_aceris/54b9a33a-8a54-47ec-ac6a-566acaeea3c8.jpg,375,500,Acronicta aceris,01550_Animalia_Arthropoda_Insecta_Lepidoptera_Noctuidae_Acronicta_aceris
train_mini,2197069,1550,train_mini/01550_Animalia_Arthropoda_Insecta_Lepidoptera_Noctuidae_Acronicta_aceris/c19bf0a0-10f8-46c8-959a-73428e576a4d.jpg,500,375,Acronicta aceris,01550_Animalia_Arthropoda_Insecta_Lepidoptera_Noctuidae_Acronicta_aceris
train_mini,2215715,1550,train_mini/01550_Animalia_Arthropoda_Insecta_Lepidoptera_Noctuidae_Acronicta_aceris/11817b75-8531-4b32-b882-aa9d543e77eb.jpg,375,500,Acronicta aceris,01550_Animalia_Arthropoda_Insecta_Lepidoptera_Noctuidae_Acronicta_aceris
train_mini,2225199,1550,train_mini/01550_Animalia_Arthropoda_Insecta_Lepidoptera_Noctuidae_Acronicta_aceris/2825543c-3ab4-46ca-8fd1-c4df7fd87641.jpg,500,357,Acronicta aceris,01550_Animalia_Arthropoda_Insecta_Lepidoptera_Noctuidae_Acronicta_aceris
train_mini,2226316,1550,train_mini/01550_Animalia_Arthropoda_Insecta_Lepidoptera_Noctuidae_Acronicta_aceris/a340b349-cc60-4c7f-a2eb-2e7cf7cca956.jpg,500,375,Acronicta aceris,01550_Animalia_Arthropoda_Insecta_Lepidoptera_Noctuidae_Acronicta_aceris
train_mini,2226742,1550,train_mini/01550_Animalia_Arthropoda_Insecta_Lepidoptera_Noctuidae_Acronicta_aceris/3d347762-fef7-4874-ac36-5e71bf8d084f.jpg,375,500,Acronicta aceris,01550_Animalia_Arthropoda_Insecta_Lepidoptera_Noctuidae_Acronicta_aceris
train_mini,2235696,1550,train_mini/01550_Animalia_Arthropoda_Insecta_Lepidoptera_Noctuidae_Acronicta_aceris/6e4101bc-3b1d-427d-a093-f32cc00f1950.jpg,500,375,Acronicta aceris,01550_Animalia_Arthropoda_Insecta_Lepidoptera_Noctuidae_Acronicta_aceris
train_mini,2235729,1550,train_mini/01550_Animalia_Arthropoda_Insecta_Lepidoptera_Noctuidae_Acronicta_aceris/eeb1ed62-c575-48fc-91b7-b9c6d8901b02.jpg,375,500,Acronicta aceris,01550_Animalia_Arthropoda_Insecta_Lepidoptera_Noctuidae_Acronicta_aceris
train_mini,2237428,1550,train_mini/01550_Animalia_Arthropoda_Insecta_Lepidoptera_Noctuidae_Acronicta_aceris/83ebd87d-07db-43b8-8f86-069054709f64.jpg,500,375,Acronicta aceris,01550_Animalia_Arthropoda_Insecta_Lepidoptera_Noctuidae_Acronicta_aceris
train_mini,2240201,1550,train_mini/01550_Animalia_Arthropoda_Insecta_Lepidoptera_Noctuidae_Acronicta_aceris/da880b75-f11f-43c6-b962-aa0b056b6829.jpg,381,500,Acronicta aceris,01550_Animalia_Arthropoda_Insecta_Lepidoptera_Noctuidae_Acronicta_aceris
train_mini,2388526,1550,train_mini/01550_Animalia_Arthropoda_Insecta_Lepidoptera_Noctuidae_Acronicta_aceris/8c9e7f4d-d31f-4b61-b9bf-771575878a91.jpg,500,370,Acronicta aceris,01550_Animalia_Arthropoda_Insecta_Lepidoptera_Noctuidae_Acronicta_aceris
train_mini,2390152,1550,train_mini/01550_Animalia_Arthropoda_Insecta_Lepidoptera_Noctuidae_Acronicta_aceris/56cbd3fc-6c03-446e-88bd-131e65cbf17c.jpg,500,424,Acronicta aceris,01550_Animalia_Arthropoda_Insecta_Lepidoptera_Noctuidae_Acronicta_aceris
train_mini,2497794,1550,train_mini/01550_Animalia_Arthropoda_Insecta_Lepidoptera_Noctuidae_Acronicta_aceris/2ad3b796-66eb-4f3f-9e8c-69943d036e0e.jpg,376,500,Acronicta aceris,01550_Animalia_Arthropoda_Insecta_Lepidoptera_Noctuidae_Acronicta_aceris
train_mini,2506634,1550,train_mini/01550_Animalia_Arthropoda_Insecta_Lepidoptera_Noctuidae_Acronicta_aceris/cad7bbe9-09da-4fc0-b6af-65fa8a68674b.jpg,500,375,Acronicta aceris,01550_Animalia_Arthropoda_Insecta_Lepidoptera_Noctuidae_Acronicta_aceris
train_mini,2519463,1550,train_mini/01550_Animalia_Arthropoda_Insecta_Lepidoptera_Noctuidae_Acronicta_aceris/3bf51644-b36b-4127-8c44-daea38eb77e3.jpg,333,500,Acronicta aceris,01550_Animalia_Arthropoda_Insecta_Lepidoptera_Noctuidae_Acronicta_aceris
train_mini,2572356,1550,train_mini/01550_Animalia_Arthropoda_Insecta_Lepidoptera_Noctuidae_Acronicta_aceris/3fb7cf2e-39e3-42cb-a665-ec04a564251a.jpg,500,375,Acronicta aceris,01550_Animalia_Arthropoda_Insecta_Lepidoptera_Noctuidae_Acronicta_aceris
train_mini,2585145,1550,train_mini/01550_Animalia_Arthropoda_Insecta_Lepidoptera_Noctuidae_Acronicta_aceris/0e3082e8-ef50-4722-bedb-4d039ac79913.jpg,375,500,Acronicta aceris,01550_Animalia_Arthropoda_Insecta_Lepidoptera_Noctuidae_Acronicta_aceris
train_mini,2585969,1550,train_mini/01550_Animalia_Arthropoda_Insecta_Lepidoptera_Noctuidae_Acronicta_aceris/25ac3415-bc6f-4bdb-9541-91ee10deada2.jpg,500,302,Acronicta aceris,01550_Animalia_Arthropoda_Insecta_Lepidoptera_Noctuidae_Acronicta_aceris
train_mini,2611058,1550,train_mini/01550_Animalia_Arthropoda_Insecta_Lepidoptera_Noctuidae_Acronicta_aceris/4020dbac-c4a4-4c2a-81e7-847376766465.jpg,375,500,Acronicta aceris,01550_Animalia_Arthropoda_Insecta_Lepidoptera_Noctuidae_Acronicta_aceris
train_mini,2627458,1550,train_mini/01550_Animalia_Arthropoda_Insecta_Lepidoptera_Noctuidae_Acronicta_aceris/13abb310-5b15-43af-823e-bfd4fc70802e.jpg,375,500,Acronicta aceris,01550_Animalia_Arthropoda_Insecta_Lepidoptera_Noctuidae_Acronicta_aceris
train_mini,2639248,1550,train_mini/01550_Animalia_Arthropoda_Insecta_Lepidoptera_Noctuidae_Acronicta_aceris/e966c61e-4c60-437e-a2af-8e4a466dce7b.jpg,375,500,Acronicta aceris,01550_Animalia_Arthropoda_Insecta_Lepidoptera_Noctuidae_Acronicta_aceris
train_mini,2676321,1550,train_mini/01550_Animalia_Arthropoda_Insecta_Lepidoptera_Noctuidae_Acronicta_aceris/64228314-af55-4646-99b5-e5bd026b562b.jpg,500,375,Acronicta aceris,01550_Animalia_Arthropoda_Insecta_Lepidoptera_Noctuidae_Acronicta_aceris
train_mini,18977,1563,train_mini/01563_Animalia_Arthropoda_Insecta_Lepidoptera_Noctuidae_Agrotis_exclamationis/a8b55e46-f2f2-4efe-ae50-ca5b5e0e8c00.jpg,500,334,Agrotis exclamationis,01563_Animalia_Arthropoda_Insecta_Lepidoptera_Noctuidae_Agrotis_exclamationis
train_mini,518302,1563,train_mini/01563_Animalia_Arthropoda_Insecta_Lepidoptera_Noctuidae_Agrotis_exclamationis/d1f7279e-7c63-43d1-8619-ff29c3c56945.jpg,357,500,Agrotis exclamationis,01563_Animalia_Arthropoda_Insecta_Lepidoptera_Noctuidae_Agrotis_exclamationis
train_mini,541544,1563,train_mini/01563_Animalia_Arthropoda_Insecta_Lepidoptera_Noctuidae_Agrotis_exclamationis/48f9bf34-5856-4e9d-9171-743e03161cd0.jpg,255,192,Agrotis exclamationis,01563_Animalia_Arthropoda_Insecta_Lepidoptera_Noctuidae_Agrotis_exclamationis
train_mini,643697,1563,train_mini/01563_Animalia_Arthropoda_Insecta_Lepidoptera_Noctuidae_Agrotis_exclamationis/14b797d0-98e6-4846-85de-e8e5e02e0bf3.jpg,500,333,Agrotis exclamationis,01563_Animalia_Arthropoda_Insecta_Lepidoptera_Noctuidae_Agrotis_exclamationis
train_mini,837116,1563,train_mini/01563_Animalia_Arthropoda_Insecta_Lepidoptera_Noctuidae_Agrotis_exclamationis/558055c7-6cad-4b48-9ce3-7dc25421b6df.jpg,375,500,Agrotis exclamationis,01563_Animalia_Arthropoda_Insecta_Lepidoptera_Noctuidae_Agrotis_exclamationis
train_mini,879992,1563,train_mini/01563_Animalia_Arthropoda_Insecta_Lepidoptera_Noctuidae_Agrotis_exclamationis/c6edc73c-974b-4a7a-b362-af1928562b26.jpg,500,388,Agrotis exclamationis,01563_Animalia_Arthropoda_Insecta_Lepidoptera_Noctuidae_Agrotis_exclamationis
train_mini,898193,1563,train_mini/01563_Animalia_Arthropoda_Insecta_Lepidoptera_Noctuidae_Agrotis_exclamationis/e3e68f5d-a17c-493d-afc9-eb8ceb18538b.jpg,375,500,Agrotis exclamationis,01563_Animalia_Arthropoda_Insecta_Lepidoptera_Noctuidae_Agrotis_exclamationis
train_mini,901238,1563,train_mini/01563_Animalia_Arthropoda_Insecta_Lepidoptera_Noctuidae_Agrotis_exclamationis/fa11158b-4818-4281-b884-d11a09b68dff.jpg,359,500,Agrotis exclamationis,01563_Animalia_Arthropoda_Insecta_Lepidoptera_Noctuidae_Agrotis_exclamationis
train_mini,1028044,1563,train_mini/01563_Animalia_Arthropoda_Insecta_Lepidoptera_Noctuidae_Agrotis_exclamationis/c40d67ba-a7b3-4ce4-9c5d-2f0852001771.jpg,375,500,Agrotis exclamationis,01563_Animalia_Arthropoda_Insecta_Lepidoptera_Noctuidae_Agrotis_exclamationis
train_mini,1031812,1563,train_mini/01563_Animalia_Arthropoda_Insecta_Lepidoptera_Noctuidae_Agrotis_exclamationis/d3b8f6ba-2fd1-49e8-92dd-834a7807d90f.jpg,375,500,Agrotis exclamationis,01563_Animalia_Arthropoda_Insecta_Lepidoptera_Noctuidae_Agrotis_exclamationis
train_mini,1054784,1563,train_mini/01563_Animalia_Arthropoda_Insecta_Lepidoptera_Noctuidae_Agrotis_exclamationis/5d7e0fa8-6926-488d-a1e4-0c4754c00751.jpg,500,333,Agrotis exclamationis,01563_Animalia_Arthropoda_Insecta_Lepidoptera_Noctuidae_Agrotis_exclamationis
train_mini,1296173,1563,train_mini/01563_Animalia_Arthropoda_Insecta_Lepidoptera_Noctuidae_Agrotis_exclamationis/31ffafa0-d9a6-4f5a-9973-806d9c57125e.jpg,500,291,Agrotis exclamationis,01563_Animalia_Arthropoda_Insecta_Lepidoptera_Noctuidae_Agrotis_exclamationis
train_mini,1487174,1563,train_mini/01563_Animalia_Arthropoda_Insecta_Lepidoptera_Noctuidae_Agrotis_exclamationis/ff323c71-da88-4484-b177-ebadb182d521.jpg,500,375,Agrotis exclamationis,01563_Animalia_Arthropoda_Insecta_Lepidoptera_Noctuidae_Agrotis_exclamationis
train_mini,1686689,1563,train_mini/01563_Animalia_Arthropoda_Insecta_Lepidoptera_Noctuidae_Agrotis_exclamationis/16e02568-d9e1-4e65-877d-55a09bcef976.jpg,500,375,Agrotis exclamationis,01563_Animalia_Arthropoda_Insecta_Lepidoptera_Noctuidae_Agrotis_exclamationis
train_mini,1702201,1563,train_mini/01563_Animalia_Arthropoda_Insecta_Lepidoptera_Noctuidae_Agrotis_exclamationis/d14daf4e-213a-407d-baa8-76d18e9565bb.jpg,375,500,Agrotis exclamationis,01563_Animalia_Arthropoda_Insecta_Lepidoptera_Noctuidae_Agrotis_exclamationis
train_mini,1733766,1563,train_mini/01563_Animalia_Arthropoda_Insecta_Lepidoptera_Noctuidae_Agrotis_exclamationis/f69845bf-417d-4253-ac8d-cecd883db33f.jpg,375,500,Agrotis exclamationis,01563_Animalia_Arthropoda_Insecta_Lepidoptera_Noctuidae_Agrotis_exclamationis
train_mini,1770312,1563,train_mini/01563_Animalia_Arthropoda_Insecta_Lepidoptera_Noctuidae_Agrotis_exclamationis/90f4d37a-e931-4e7c-b537-058b07c5821a.jpg,411,500,Agrotis exclamationis,01563_Animalia_Arthropoda_Insecta_Lepidoptera_Noctuidae_Agrotis_exclamationis
train_mini,1801619,1563,train_mini/01563_Animalia_Arthropoda_Insecta_Lepidoptera_Noctuidae_Agrotis_exclamationis/7f30e7e3-4ace-468a-af53-be9581c459af.jpg,354,500,Agrotis exclamationis,01563_Animalia_Arthropoda_Insecta_Lepidoptera_Noctuidae_Agrotis_exclamationis
train_mini,1804428,1563,train_mini/01563_Animalia_Arthropoda_Insecta_Lepidoptera_Noctuidae_Agrotis_exclamationis/7899f635-fa25-42f9-bf1a-fb8d2d75c816.jpg,375,500,Agrotis exclamationis,01563_Animalia_Arthropoda_Insecta_Lepidoptera_Noctuidae_Agrotis_exclamationis
train_mini,1810560,1563,train_mini/01563_Animalia_Arthropoda_Insecta_Lepidoptera_Noctuidae_Agrotis_exclamationis/cc8f211c-7ebe-407d-b533-565479a25494.jpg,500,375,Agrotis exclamationis,01563_Animalia_Arthropoda_Insecta_Lepidoptera_Noctuidae_Agrotis_exclamationis
train_mini,1810624,1563,train_mini/01563_Animalia_Arthropoda_Insecta_Lepidoptera_Noctuidae_Agrotis_exclamationis/01d843a3-769f-479e-ab1a-bdc03388bf5e.jpg,375,500,Agrotis exclamationis,01563_Animalia_Arthropoda_Insecta_Lepidoptera_Noctuidae_Agrotis_exclamationis
train_mini,1815934,1563,train_mini/01563_Animalia_Arthropoda_Insecta_Lepidoptera_Noctuidae_Agrotis_exclamationis/235d7132-92e2-4f68-8827-fcbaeabdc198.jpg,500,500,Agrotis exclamationis,01563_Animalia_Arthropoda_Insecta_Lepidoptera_Noctuidae_Agrotis_exclamationis
train_mini,1832090,1563,train_mini/01563_Animalia_Arthropoda_Insecta_Lepidoptera_Noctuidae_Agrotis_exclamationis/2047486b-643b-457a-bbcd-20783c1e3929.jpg,375,500,Agrotis exclamationis,01563_Animalia_Arthropoda_Insecta_Lepidoptera_Noctuidae_Agrotis_exclamationis
train_mini,1855540,1563,train_mini/01563_Animalia_Arthropoda_Insecta_Lepidoptera_Noctuidae_Agrotis_exclamationis/bcf577a4-d9b9-4727-a4bd-a64ff8acef1d.jpg,375,500,Agrotis exclamationis,01563_Animalia_Arthropoda_Insecta_Lepidoptera_Noctuidae_Agrotis_exclamationis
train_mini,1867781,1563,train_mini/01563_Animalia_Arthropoda_Insecta_Lepidoptera_Noctuidae_Agrotis_exclamationis/a496194e-a65f-4c31-884f-606d0842a04f.jpg,500,375,Agrotis exclamationis,01563_Animalia_Arthropoda_Insecta_Lepidoptera_Noctuidae_Agrotis_exclamationis
train_mini,1876916,1563,train_mini/01563_Animalia_Arthropoda_Insecta_Lepidoptera_Noctuidae_Agrotis_exclamationis/9141a947-6663-4d5f-a32f-5da7825bd2a7.jpg,500,281,Agrotis exclamationis,01563_Animalia_Arthropoda_Insecta_Lepidoptera_Noctuidae_Agrotis_exclamationis
train_mini,1882699,1563,train_mini/01563_Animalia_Arthropoda_Insecta_Lepidoptera_Noctuidae_Agrotis_exclamationis/cb932f11-c9a1-489f-ba50-14c62c900d0a.jpg,500,375,Agrotis exclamationis,01563_Animalia_Arthropoda_Insecta_Lepidoptera_Noctuidae_Agrotis_exclamationis
train_mini,1883313,1563,train_mini/01563_Animalia_Arthropoda_Insecta_Lepidoptera_Noctuidae_Agrotis_exclamationis/848a691f-e20a-4b09-a953-c44b224971b3.jpg,500,375,Agrotis exclamationis,01563_Animalia_Arthropoda_Insecta_Lepidoptera_Noctuidae_Agrotis_exclamationis
train_mini,1886376,1563,train_mini/01563_Animalia_Arthropoda_Insecta_Lepidoptera_Noctuidae_Agrotis_exclamationis/f03273c3-d45d-4dfd-b641-3f6884bef46e.jpg,469,500,Agrotis exclamationis,01563_Animalia_Arthropoda_Insecta_Lepidoptera_Noctuidae_Agrotis_exclamationis
train_mini,1918888,1563,train_mini/01563_Animalia_Arthropoda_Insecta_Lepidoptera_Noctuidae_Agrotis_exclamationis/45ca03b4-8c58-464b-be95-4f0425e040e9.jpg,416,500,Agrotis exclamationis,01563_Animalia_Arthropoda_Insecta_Lepidoptera_Noctuidae_Agrotis_exclamationis
train_mini,1922424,1563,train_mini/01563_Animalia_Arthropoda_Insecta_Lepidoptera_Noctuidae_Agrotis_exclamationis/21ef0814-e603-4e2e-a515-1e96bcb44b08.jpg,375,500,Agrotis exclamationis,01563_Animalia_Arthropoda_Insecta_Lepidoptera_Noctuidae_Agrotis_exclamationis
train_mini,1923050,1563,train_mini/01563_Animalia_Arthropoda_Insecta_Lepidoptera_Noctuidae_Agrotis_exclamationis/8a615f35-eeb1-4ab4-9e14-e554fff7916b.jpg,500,375,Agrotis exclamationis,01563_Animalia_Arthropoda_Insecta_Lepidoptera_Noctuidae_Agrotis_exclamationis
train_mini,1961564,1563,train_mini/01563_Animalia_Arthropoda_Insecta_Lepidoptera_Noctuidae_Agrotis_exclamationis/e2110d04-293b-4879-a963-2a56a7bdc7ad.jpg,375,500,Agrotis exclamationis,01563_Animalia_Arthropoda_Insecta_Lepidoptera_Noctuidae_Agrotis_exclamationis
train_mini,1985430,1563,train_mini/01563_Animalia_Arthropoda_Insecta_Lepidoptera_Noctuidae_Agrotis_exclamationis/62c3d420-4c24-4a93-840b-ef6cfcba9807.jpg,500,375,Agrotis exclamationis,01563_Animalia_Arthropoda_Insecta_Lepidoptera_Noctuidae_Agrotis_exclamationis
train_mini,2018010,1563,train_mini/01563_Animalia_Arthropoda_Insecta_Lepidoptera_Noctuidae_Agrotis_exclamationis/e7402026-fac6-420f-8590-5684e7908568.jpg,437,500,Agrotis exclamationis,01563_Animalia_Arthropoda_Insecta_Lepidoptera_Noctuidae_Agrotis_exclamationis
train_mini,2033226,1563,train_mini/01563_Animalia_Arthropoda_Insecta_Lepidoptera_Noctuidae_Agrotis_exclamationis/147f15db-8957-4672-8468-baa9e1848c78.jpg,375,500,Agrotis exclamationis,01563_Animalia_Arthropoda_Insecta_Lepidoptera_Noctuidae_Agrotis_exclamationis
train_mini,2099961,1563,train_mini/01563_Animalia_Arthropoda_Insecta_Lepidoptera_Noctuidae_Agrotis_exclamationis/bac81901-21b7-4b33-8785-f8b481b67af0.jpg,500,333,Agrotis exclamationis,01563_Animalia_Arthropoda_Insecta_Lepidoptera_Noctuidae_Agrotis_exclamationis
train_mini,2106553,1563,train_mini/01563_Animalia_Arthropoda_Insecta_Lepidoptera_Noctuidae_Agrotis_exclamationis/6b471f7d-b1a5-4d17-8565-e5c3849cc1e2.jpg,375,500,Agrotis exclamationis,01563_Animalia_Arthropoda_Insecta_Lepidoptera_Noctuidae_Agrotis_exclamationis
train_mini,2207263,1563,train_mini/01563_Animalia_Arthropoda_Insecta_Lepidoptera_Noctuidae_Agrotis_exclamationis/acf8fe23-b4d3-472f-a432-166a68402344.jpg,375,500,Agrotis exclamationis,01563_Animalia_Arthropoda_Insecta_Lepidoptera_Noctuidae_Agrotis_exclamationis
train_mini,2212954,1563,train_mini/01563_Animalia_Arthropoda_Insecta_Lepidoptera_Noctuidae_Agrotis_exclamationis/b979268f-e378-4d7d-93a4-d7a6d143b0cd.jpg,500,375,Agrotis exclamationis,01563_Animalia_Arthropoda_Insecta_Lepidoptera_Noctuidae_Agrotis_exclamationis
train_mini,2250027,1563,train_mini/01563_Animalia_Arthropoda_Insecta_Lepidoptera_Noctuidae_Agrotis_exclamationis/dd721708-92e8-4243-9930-b70dd21c0846.jpg,344,500,Agrotis exclamationis,01563_Animalia_Arthropoda_Insecta_Lepidoptera_Noctuidae_Agrotis_exclamationis
train_mini,2285554,1563,train_mini/01563_Animalia_Arthropoda_Insecta_Lepidoptera_Noctuidae_Agrotis_exclamationis/08634d71-de65-4afd-8f6b-ae4cf68c0fbd.jpg,500,375,Agrotis exclamationis,01563_Animalia_Arthropoda_Insecta_Lepidoptera_Noctuidae_Agrotis_exclamationis
train_mini,2293907,1563,train_mini/01563_Animalia_Arthropoda_Insecta_Lepidoptera_Noctuidae_Agrotis_exclamationis/e2194747-86ea-43f3-8a45-583ec0028079.jpg,500,333,Agrotis exclamationis,01563_Animalia_Arthropoda_Insecta_Lepidoptera_Noctuidae_Agrotis_exclamationis
train_mini,2409429,1563,train_mini/01563_Animalia_Arthropoda_Insecta_Lepidoptera_Noctuidae_Agrotis_exclamationis/cc44fb28-2cbc-4bd9-9f54-9838a77d5de6.jpg,500,333,Agrotis exclamationis,01563_Animalia_Arthropoda_Insecta_Lepidoptera_Noctuidae_Agrotis_exclamationis
train_mini,2450309,1563,train_mini/01563_Animalia_Arthropoda_Insecta_Lepidoptera_Noctuidae_Agrotis_exclamationis/0482eb53-662b-4f43-8d17-e7422cff9f01.jpg,500,333,Agrotis exclamationis,01563_Animalia_Arthropoda_Insecta_Lepidoptera_Noctuidae_Agrotis_exclamationis
train_mini,2509769,1563,train_mini/01563_Animalia_Arthropoda_Insecta_Lepidoptera_Noctuidae_Agrotis_exclamationis/714534cd-847c-4d47-8f85-caad385d87dd.jpg,500,500,Agrotis exclamationis,01563_Animalia_Arthropoda_Insecta_Lepidoptera_Noctuidae_Agrotis_exclamationis
train_mini,2524060,1563,train_mini/01563_Animalia_Arthropoda_Insecta_Lepidoptera_Noctuidae_Agrotis_exclamationis/466dd6ea-c50b-4705-9972-bd99b38364f1.jpg,500,375,Agrotis exclamationis,01563_Animalia_Arthropoda_Insecta_Lepidoptera_Noctuidae_Agrotis_exclamationis
train_mini,2572371,1563,train_mini/01563_Animalia_Arthropoda_Insecta_Lepidoptera_Noctuidae_Agrotis_exclamationis/3928c021-2ad5-4754-92f5-9170a9faadb1.jpg,500,375,Agrotis exclamationis,01563_Animalia_Arthropoda_Insecta_Lepidoptera_Noctuidae_Agrotis_exclamationis
train_mini,2621406,1563,train_mini/01563_Animalia_Arthropoda_Insecta_Lepidoptera_Noctuidae_Agrotis_exclamationis/8b4ad190-c5d2-4ec9-af2a-48a2d264449c.jpg,332,500,Agrotis exclamationis,01563_Animalia_Arthropoda_Insecta_Lepidoptera_Noctuidae_Agrotis_exclamationis
train_mini,2663786,1563,train_mini/01563_Animalia_Arthropoda_Insecta_Lepidoptera_Noctuidae_Agrotis_exclamationis/a136902a-b0bb-410b-a3a1-268174a4bdf0.jpg,457,500,Agrotis exclamationis,01563_Animalia_Arthropoda_Insecta_Lepidoptera_Noctuidae_Agrotis_exclamationis
train_mini,6686,2305,train_mini/02305_Animalia_Arthropoda_Insecta_Odonata_Aeshnidae_Aeshna_canadensis/4bf595c0-3436-4eb7-a0e5-07a80dfbcc94.jpg,500,272,Aeshna canadensis,02305_Animalia_Arthropoda_Insecta_Odonata_Aeshnidae_Aeshna_canadensis
train_mini,113197,2305,train_mini/02305_Animalia_Arthropoda_Insecta_Odonata_Aeshnidae_Aeshna_canadensis/a79191b2-436b-44ec-9fc2-16a1a460bc9d.jpg,407,500,Aeshna canadensis,02305_Animalia_Arthropoda_Insecta_Odonata_Aeshnidae_Aeshna_canadensis
train_mini,249463,2305,train_mini/02305_Animalia_Arthropoda_Insecta_Odonata_Aeshnidae_Aeshna_canadensis/9ff48da3-f890-4671-baac-567c742f0bb5.jpg,375,500,Aeshna canadensis,02305_Animalia_Arthropoda_Insecta_Odonata_Aeshnidae_Aeshna_canadensis
train_mini,280018,2305,train_mini/02305_Animalia_Arthropoda_Insecta_Odonata_Aeshnidae_Aeshna_canadensis/9c2d8236-6b1b-4adf-b351-ad2cbb505818.jpg,500,333,Aeshna canadensis,02305_Animalia_Arthropoda_Insecta_Odonata_Aeshnidae_Aeshna_canadensis
train_mini,336311,2305,train_mini/02305_Animalia_Arthropoda_Insecta_Odonata_Aeshnidae_Aeshna_canadensis/cdbe1017-0cfc-4a12-9afd-1193df0684c2.jpg,375,500,Aeshna canadensis,02305_Animalia_Arthropoda_Insecta_Odonata_Aeshnidae_Aeshna_canadensis
train_mini,471112,2305,train_mini/02305_Animalia_Arthropoda_Insecta_Odonata_Aeshnidae_Aeshna_canadensis/b27d8bf1-f95d-404a-9ef0-58167d1247ac.jpg,500,375,Aeshna canadensis,02305_Animalia_Arthropoda_Insecta_Odonata_Aeshnidae_Aeshna_canadensis
train_mini,482035,2305,train_mini/02305_Animalia_Arthropoda_Insecta_Odonata_Aeshnidae_Aeshna_canadensis/0fed2767-8604-474e-86e0-49652bb566d3.jpg,375,500,Aeshna canadensis,02305_Animalia_Arthropoda_Insecta_Odonata_Aeshnidae_Aeshna_canadensis
train_mini,510518,2305,train_mini/02305_Animalia_Arthropoda_Insecta_Odonata_Aeshnidae_Aeshna_canadensis/baac6cad-5019-4054-86b8-bea44b069f92.jpg,500,368,Aeshna canadensis,02305_Animalia_Arthropoda_Insecta_Odonata_Aeshnidae_Aeshna_canadensis
train_mini,528099,2305,train_mini/02305_Animalia_Arthropoda_Insecta_Odonata_Aeshnidae_Aeshna_canadensis/730c916f-c782-4dcd-a309-a0709cc38a5e.jpg,500,375,Aeshna canadensis,02305_Animalia_Arthropoda_Insecta_Odonata_Aeshnidae_Aeshna_canadensis
train_mini,544889,2305,train_mini/02305_Animalia_Arthropoda_Insecta_Odonata_Aeshnidae_Aeshna_canadensis/d90dd76b-97da-4dc0-bf6f-4b002bcaca89.jpg,500,375,Aeshna canadensis,02305_Animalia_Arthropoda_Insecta_Odonata_Aeshnidae_Aeshna_canadensis
train_mini,588046,2305,train_mini/02305_Animalia_Arthropoda_Insecta_Odonata_Aeshnidae_Aeshna_canadensis/38cf9ff3-66fa-4f7e-903e-307654ae0e49.jpg,375,500,Aeshna canadensis,02305_Animalia_Arthropoda_Insecta_Odonata_Aeshnidae_Aeshna_canadensis
train_mini,602467,2305,train_mini/02305_Animalia_Arthropoda_Insecta_Odonata_Aeshnidae_Aeshna_canadensis/22aaf547-cae8-40d7-bfed-77bdfd0a0fbf.jpg,500,313,Aeshna canadensis,02305_Animalia_Arthropoda_Insecta_Odonata_Aeshnidae_Aeshna_canadensis
train_mini,640126,2305,train_mini/02305_Animalia_Arthropoda_Insecta_Odonata_Aeshnidae_Aeshna_canadensis/ecde9da4-62ee-4bea-ab4d-022315878e51.jpg,500,500,Aeshna canadensis,02305_Animalia_Arthropoda_Insecta_Odonata_Aeshnidae_Aeshna_canadensis
train_mini,915078,2305,train_mini/02305_Animalia_Arthropoda_Insecta_Odonata_Aeshnidae_Aeshna_canadensis/7b8d9d61-e040-44be-81ec-2de5cf453f81.jpg,375,500,Aeshna canadensis,02305_Animalia_Arthropoda_Insecta_Odonata_Aeshnidae_Aeshna_canadensis
train_mini,967812,2305,train_mini/02305_Animalia_Arthropoda_Insecta_Odonata_Aeshnidae_Aeshna_canadensis/1171246b-fe2f-45de-afdb-ab9a20303d3a.jpg,390,500,Aeshna canadensis,02305_Animalia_Arthropoda_Insecta_Odonata_Aeshnidae_Aeshna_canadensis
train_mini,1009447,2305,train_mini/02305_Animalia_Arthropoda_Insecta_Odonata_Aeshnidae_Aeshna_canadensis/49e56169-ee35-4366-98b4-bc370780220c.jpg,500,333,Aeshna canadensis,02305_Animalia_Arthropoda_Insecta_Odonata_Aeshnidae_Aeshna_canadensis
train_mini,1071807,2305,train_mini/02305_Animalia_Arthropoda_Insecta_Odonata_Aeshnidae_Aeshna_canadensis/f2329c54-f3db-460d-a3b9-e325b5a20357.jpg,375,500,Aeshna canadensis,02305_Animalia_Arthropoda_Insecta_Odonata_Aeshnidae_Aeshna_canadensis
train_mini,1074237,2305,train_mini/02305_Animalia_Arthropoda_Insecta_Odonata_Aeshnidae_Aeshna_canadensis/1a897095-7688-4546-acd7-b830ad27bbc3.jpg,500,333,Aeshna canadensis,02305_Animalia_Arthropoda_Insecta_Odonata_Aeshnidae_Aeshna_canadensis
train_mini,1092563,2305,train_mini/02305_Animalia_Arthropoda_Insecta_Odonata_Aeshnidae_Aeshna_canadensis/d413d0f3-971c-4af8-9595-d3afab341bb9.jpg,500,375,Aeshna canadensis,02305_Animalia_Arthropoda_Insecta_Odonata_Aeshnidae_Aeshna_canadensis
train_mini,1179456,2305,train_mini/02305_Animalia_Arthropoda_Insecta_Odonata_Aeshnidae_Aeshna_canadensis/ed7da478-b23a-4d9e-a9df-9bc050bb6aae.jpg,500,375,Aeshna canadensis,02305_Animalia_Arthropoda_Insecta_Odonata_Aeshnidae_Aeshna_canadensis
train_mini,1319687,2305,train_mini/02305_Animalia_Arthropoda_Insecta_Odonata_Aeshnidae_Aeshna_canadensis/6ee8bb63-40c8-4346-b92d-54623d6e74e0.jpg,500,376,Aeshna canadensis,02305_Animalia_Arthropoda_Insecta_Odonata_Aeshnidae_Aeshna_canadensis
train_mini,1336794,2305,train_mini/02305_Animalia_Arthropoda_Insecta_Odonata_Aeshnidae_Aeshna_canadensis/c7bfe817-4ee2-4b49-9e5e-352a60ca0fa2.jpg,333,500,Aeshna canadensis,02305_Animalia_Arthropoda_Insecta_Odonata_Aeshnidae_Aeshna_canadensis
train_mini,1540263,2305,train_mini/02305_Animalia_Arthropoda_Insecta_Odonata_Aeshnidae_Aeshna_canadensis/ead4c3a1-48a3-4c20-b9c2-b809909f4035.jpg,281,500,Aeshna canadensis,02305_Animalia_Arthropoda_Insecta_Odonata_Aeshnidae_Aeshna_canadensis
train_mini,1775083,2305,train_mini/02305_Animalia_Arthropoda_Insecta_Odonata_Aeshnidae_Aeshna_canadensis/03687fed-cae9-41ef-bc58-04505f2105c9.jpg,400,500,Aeshna canadensis,02305_Animalia_Arthropoda_Insecta_Odonata_Aeshnidae_Aeshna_canadensis
train_mini,1901027,2305,train_mini/02305_Animalia_Arthropoda_Insecta_Odonata_Aeshnidae_Aeshna_canadensis/d74d95d8-3167-48f4-9c2b-eba5df17488f.jpg,500,375,Aeshna canadensis,02305_Animalia_Arthropoda_Insecta_Odonata_Aeshnidae_Aeshna_canadensis
train_mini,1974089,2305,train_mini/02305_Animalia_Arthropoda_Insecta_Odonata_Aeshnidae_Aeshna_canadensis/c431cc49-50fa-461b-a9a1-4cc87586cf11.jpg,375,500,Aeshna canadensis,02305_Animalia_Arthropoda_Insecta_Odonata_Aeshnidae_Aeshna_canadensis
train_mini,2040432,2305,train_mini/02305_Animalia_Arthropoda_Insecta_Odonata_Aeshnidae_Aeshna_canadensis/c9e5d1b1-94ae-4e33-8f8f-b7a6d897da65.jpg,375,500,Aeshna canadensis,02305_Animalia_Arthropoda_Insecta_Odonata_Aeshnidae_Aeshna_canadensis
train_mini,2174329,2305,train_mini/02305_Animalia_Arthropoda_Insecta_Odonata_Aeshnidae_Aeshna_canadensis/6aa49204-5be5-4bea-a65e-f4ae97d01f61.jpg,375,500,Aeshna canadensis,02305_Animalia_Arthropoda_Insecta_Odonata_Aeshnidae_Aeshna_canadensis
train_mini,2184117,2305,train_mini/02305_Animalia_Arthropoda_Insecta_Odonata_Aeshnidae_Aeshna_canadensis/4b6255bd-1643-4a77-a9cc-2b9149a04ea4.jpg,500,351,Aeshna canadensis,02305_Animalia_Arthropoda_Insecta_Odonata_Aeshnidae_Aeshna_canadensis
train_mini,2191646,2305,train_mini/02305_Animalia_Arthropoda_Insecta_Odonata_Aeshnidae_Aeshna_canadensis/3e8a4de1-2163-4517-a942-77ea32438409.jpg,375,500,Aeshna canadensis,02305_Animalia_Arthropoda_Insecta_Odonata_Aeshnidae_Aeshna_canadensis
train_mini,2194517,2305,train_mini/02305_Animalia_Arthropoda_Insecta_Odonata_Aeshnidae_Aeshna_canadensis/018a0366-d5a7-4713-bf4a-545153814fee.jpg,375,500,Aeshna canadensis,02305_Animalia_Arthropoda_Insecta_Odonata_Aeshnidae_Aeshna_canadensis
train_mini,2203913,2305,train_mini/02305_Animalia_Arthropoda_Insecta_Odonata_Aeshnidae_Aeshna_canadensis/dcc44e72-f739-4d1c-83b3-230898994df3.jpg,500,303,Aeshna canadensis,02305_Animalia_Arthropoda_Insecta_Odonata_Aeshnidae_Aeshna_canadensis
train_mini,2224582,2305,train_mini/02305_Animalia_Arthropoda_Insecta_Odonata_Aeshnidae_Aeshna_canadensis/759a9bc0-fa26-4d00-9448-0d1b2f8adec4.jpg,500,361,Aeshna canadensis,02305_Animalia_Arthropoda_Insecta_Odonata_Aeshnidae_Aeshna_canadensis
train_mini,2238939,2305,train_mini/02305_Animalia_Arthropoda_Insecta_Odonata_Aeshnidae_Aeshna_canadensis/a3c54d92-67ae-4d8a-acbe-4dfc1344d204.jpg,384,500,Aeshna canadensis,02305_Animalia_Arthropoda_Insecta_Odonata_Aeshnidae_Aeshna_canadensis
train_mini,2246438,2305,train_mini/02305_Animalia_Arthropoda_Insecta_Odonata_Aeshnidae_Aeshna_canadensis/7853b53b-7cdb-4d44-aeb0-7106e3f2728f.jpg,375,500,Aeshna canadensis,02305_Animalia_Arthropoda_Insecta_Odonata_Aeshnidae_Aeshna_canadensis
train_mini,2272664,2305,train_mini/02305_Animalia_Arthropoda_Insecta_Odonata_Aeshnidae_Aeshna_canadensis/4bfeeaf9-f209-4051-b38d-4750f98eb770.jpg,500,333,Aeshna canadensis,02305_Animalia_Arthropoda_Insecta_Odonata_Aeshnidae_Aeshna_canadensis
train_mini,2287436,2305,train_mini/02305_Animalia_Arthropoda_Insecta_Odonata_Aeshnidae_Aeshna_canadensis/62fe0ba9-3600-47ce-9ef4-04a5e2dfb8be.jpg,500,400,Aeshna canadensis,02305_Animalia_Arthropoda_Insecta_Odonata_Aeshnidae_Aeshna_canadensis
train_mini,2289352,2305,train_mini/02305_Animalia_Arthropoda_Insecta_Odonata_Aeshnidae_Aeshna_canadensis/7816cf0d-69d7-420a-adce-421fd0990da8.jpg,500,375,Aeshna canadensis,02305_Animalia_Arthropoda_Insecta_Odonata_Aeshnidae_Aeshna_canadensis
train_mini,2313643,2305,train_mini/02305_Animalia_Arthropoda_Insecta_Odonata_Aeshnidae_Aeshna_canadensis/bbc37b13-efb2-41a3-a058-49c314902465.jpg,375,500,Aeshna canadensis,02305_Animalia_Arthropoda_Insecta_Odonata_Aeshnidae_Aeshna_canadensis
train_mini,2331148,2305,train_mini/02305_Animalia_Arthropoda_Insecta_Odonata_Aeshnidae_Aeshna_canadensis/2d9ce34f-8edf-4792-8d1f-6df5dfe9dc2c.jpg,500,375,Aeshna canadensis,02305_Animalia_Arthropoda_Insecta_Odonata_Aeshnidae_Aeshna_canadensis
train_mini,2371879,2305,train_mini/02305_Animalia_Arthropoda_Insecta_Odonata_Aeshnidae_Aeshna_canadensis/65ba4621-c319-43df-9bc9-d64bc48440bc.jpg,500,333,Aeshna canadensis,02305_Animalia_Arthropoda_Insecta_Odonata_Aeshnidae_Aeshna_canadensis
train_mini,2378946,2305,train_mini/02305_Animalia_Arthropoda_Insecta_Odonata_Aeshnidae_Aeshna_canadensis/a157df40-3053-47f9-be7c-cb87a5174dca.jpg,500,251,Aeshna canadensis,02305_Animalia_Arthropoda_Insecta_Odonata_Aeshnidae_Aeshna_canadensis
train_mini,2427118,2305,train_mini/02305_Animalia_Arthropoda_Insecta_Odonata_Aeshnidae_Aeshna_canadensis/ec0a8b54-34bc-41d7-9fa7-d9d3363d6193.jpg,500,375,Aeshna canadensis,02305_Animalia_Arthropoda_Insecta_Odonata_Aeshnidae_Aeshna_canadensis
train_mini,2462598,2305,train_mini/02305_Animalia_Arthropoda_Insecta_Odonata_Aeshnidae_Aeshna_canadensis/5c0c9dd7-fc4b-4c1c-a4cd-f34c51c65bcd.jpg,500,438,Aeshna canadensis,02305_Animalia_Arthropoda_Insecta_Odonata_Aeshnidae_Aeshna_canadensis
train_mini,2468811,2305,train_mini/02305_Animalia_Arthropoda_Insecta_Odonata_Aeshnidae_Aeshna_canadensis/0fdeb193-9e0b-4c29-b3c8-0119b674775c.jpg,500,357,Aeshna canadensis,02305_Animalia_Arthropoda_Insecta_Odonata_Aeshnidae_Aeshna_canadensis
train_mini,2477929,2305,train_mini/02305_Animalia_Arthropoda_Insecta_Odonata_Aeshnidae_Aeshna_canadensis/819b9031-86fa-4a8a-a3c8-7c341c9d8429.jpg,333,500,Aeshna canadensis,02305_Animalia_Arthropoda_Insecta_Odonata_Aeshnidae_Aeshna_canadensis
train_mini,2506821,2305,train_mini/02305_Animalia_Arthropoda_Insecta_Odonata_Aeshnidae_Aeshna_canadensis/ce27ac56-be55-45b0-b9eb-631a6ed462e0.jpg,500,323,Aeshna canadensis,02305_Animalia_Arthropoda_Insecta_Odonata_Aeshnidae_Aeshna_canadensis
train_mini,2506993,2305,train_mini/02305_Animalia_Arthropoda_Insecta_Odonata_Aeshnidae_Aeshna_canadensis/b3f99cd8-52c0-42aa-b9c7-ad0dd7da2b11.jpg,500,375,Aeshna canadensis,02305_Animalia_Arthropoda_Insecta_Odonata_Aeshnidae_Aeshna_canadensis
train_mini,2627027,2305,train_mini/02305_Animalia_Arthropoda_Insecta_Odonata_Aeshnidae_Aeshna_canadensis/d6b50bb3-6290-4055-ac74-ec3d3214092e.jpg,500,333,Aeshna canadensis,02305_Animalia_Arthropoda_Insecta_Odonata_Aeshnidae_Aeshna_canadensis
train_mini,2648666,2305,train_mini/02305_Animalia_Arthropoda_Insecta_Odonata_Aeshnidae_Aeshna_canadensis/6dd000d0-280b-4e18-a14b-e7ec1e98b46e.jpg,333,500,Aeshna canadensis,02305_Animalia_Arthropoda_Insecta_Odonata_Aeshnidae_Aeshna_canadensis
train_mini,102639,2942,train_mini/02942_Animalia_Chordata_Amphibia_Anura_Bufonidae_Anaxyrus_americanus/bf32e20d-94f4-4bc4-84ba-a8ea72c3bb0d.jpg,500,373,Anaxyrus americanus,02942_Animalia_Chordata_Amphibia_Anura_Bufonidae_Anaxyrus_americanus
train_mini,112987,2942,train_mini/02942_Animalia_Chordata_Amphibia_Anura_Bufonidae_Anaxyrus_americanus/60de1ecc-9dec-4b2b-b1b6-9761f753de7e.jpg,283,500,Anaxyrus americanus,02942_Animalia_Chordata_Amphibia_Anura_Bufonidae_Anaxyrus_americanus
train_mini,117085,2942,train_mini/02942_Animalia_Chordata_Amphibia_Anura_Bufonidae_Anaxyrus_americanus/ada3601f-d529-435c-98c3-9de7788de284.jpg,500,500,Anaxyrus americanus,02942_Animalia_Chordata_Amphibia_Anura_Bufonidae_Anaxyrus_americanus
train_mini,528142,2942,train_mini/02942_Animalia_Chordata_Amphibia_Anura_Bufonidae_Anaxyrus_americanus/98668e6b-d011-4049-b76b-34ee86360152.jpg,281,500,Anaxyrus americanus,02942_Animalia_Chordata_Amphibia_Anura_Bufonidae_Anaxyrus_americanus
train_mini,541778,2942,train_mini/02942_Animalia_Chordata_Amphibia_Anura_Bufonidae_Anaxyrus_americanus/ced5b9f3-f2ee-4c9f-83a8-9c73e42e6dbd.jpg,375,500,Anaxyrus americanus,02942_Animalia_Chordata_Amphibia_Anura_Bufonidae_Anaxyrus_americanus
train_mini,547099,2942,train_mini/02942_Animalia_Chordata_Amphibia_Anura_Bufonidae_Anaxyrus_americanus/4deb02ec-784b-4ca7-91d3-ea86ebe3eebd.jpg,375,500,Anaxyrus americanus,02942_Animalia_Chordata_Amphibia_Anura_Bufonidae_Anaxyrus_americanus
train_mini,555858,2942,train_mini/02942_Animalia_Chordata_Amphibia_Anura_Bufonidae_Anaxyrus_americanus/aa40ce07-887c-41df-b7b7-f5166042e0c8.jpg,500,375,Anaxyrus americanus,02942_Animalia_Chordata_Amphibia_Anura_Bufonidae_Anaxyrus_americanus
train_mini,641980,2942,train_mini/02942_Animalia_Chordata_Amphibia_Anura_Bufonidae_Anaxyrus_americanus/c8f4a4fe-bd8b-4635-8c33-1bf9f637ecac.jpg,480,500,Anaxyrus americanus,02942_Animalia_Chordata_Amphibia_Anura_Bufonidae_Anaxyrus_americanus
train_mini,793859,2942,train_mini/02942_Animalia_Chordata_Amphibia_Anura_Bufonidae_Anaxyrus_americanus/ebac5953-fadc-4422-bb6d-bda72a3f67bb.jpg,375,500,Anaxyrus americanus,02942_Animalia_Chordata_Amphibia_Anura_Bufonidae_Anaxyrus_americanus
train_mini,835894,2942,train_mini/02942_Animalia_Chordata_Amphibia_Anura_Bufonidae_Anaxyrus_americanus/7deb90fb-7537-4915-b140-8a193fe64ce3.jpg,500,281,Anaxyrus americanus,02942_Animalia_Chordata_Amphibia_Anura_Bufonidae_Anaxyrus_americanus
train_mini,847680,2942,train_mini/02942_Animalia_Chordata_Amphibia_Anura_Bufonidae_Anaxyrus_americanus/14d9e7bf-7dcb-458d-b338-cab4c2815d31.jpg,375,500,Anaxyrus americanus,02942_Animalia_Chordata_Amphibia_Anura_Bufonidae_Anaxyrus_americanus
train_mini,851463,2942,train_mini/02942_Animalia_Chordata_Amphibia_Anura_Bufonidae_Anaxyrus_americanus/04d36de9-3b20-43ff-aba5-1be7e7b8e0be.jpg,500,500,Anaxyrus americanus,02942_Animalia_Chordata_Amphibia_Anura_Bufonidae_Anaxyrus_americanus
train_mini,893029,2942,train_mini/02942_Animalia_Chordata_Amphibia_Anura_Bufonidae_Anaxyrus_americanus/3f8bc4bd-95b5-4a0b-9352-84413479ab41.jpg,375,500,Anaxyrus americanus,02942_Animalia_Chordata_Amphibia_Anura_Bufonidae_Anaxyrus_americanus
train_mini,925123,2942,train_mini/02942_Animalia_Chordata_Amphibia_Anura_Bufonidae_Anaxyrus_americanus/a3dadbab-190e-4ca6-bf67-8e7160e9084b.jpg,500,333,Anaxyrus americanus,02942_Animalia_Chordata_Amphibia_Anura_Bufonidae_Anaxyrus_americanus
train_mini,992069,2942,train_mini/02942_Animalia_Chordata_Amphibia_Anura_Bufonidae_Anaxyrus_americanus/10cfb6cb-74be-4520-a610-dbe4ba71d422.jpg,375,500,Anaxyrus americanus,02942_Animalia_Chordata_Amphibia_Anura_Bufonidae_Anaxyrus_americanus
train_mini,1088441,2942,train_mini/02942_Animalia_Chordata_Amphibia_Anura_Bufonidae_Anaxyrus_americanus/dbe0fbb6-34b2-41d6-b01f-ee18b5b02863.jpg,281,500,Anaxyrus americanus,02942_Animalia_Chordata_Amphibia_Anura_Bufonidae_Anaxyrus_americanus
train_mini,1094694,2942,train_mini/02942_Animalia_Chordata_Amphibia_Anura_Bufonidae_Anaxyrus_americanus/f32d3836-5a29-4632-a560-61216c33ba80.jpg,375,500,Anaxyrus americanus,02942_Animalia_Chordata_Amphibia_Anura_Bufonidae_Anaxyrus_americanus
train_mini,1097078,2942,train_mini/02942_Animalia_Chordata_Amphibia_Anura_Bufonidae_Anaxyrus_americanus/21872ef5-04ac-4001-885f-ab5f9a6c85bd.jpg,406,500,Anaxyrus americanus,02942_Animalia_Chordata_Amphibia_Anura_Bufonidae_Anaxyrus_americanus
train_mini,1118959,2942,train_mini/02942_Animalia_Chordata_Amphibia_Anura_Bufonidae_Anaxyrus_americanus/6f5250d1-3c5f-4f93-8a59-e53526b38ece.jpg,500,375,Anaxyrus americanus,02942_Animalia_Chordata_Amphibia_Anura_Bufonidae_Anaxyrus_americanus
train_mini,1125867,2942,train_mini/02942_Animalia_Chordata_Amphibia_Anura_Bufonidae_Anaxyrus_americanus/0881cb5c-bb50-4412-9030-7ae7c99ead9b.jpg,500,375,Anaxyrus americanus,02942_Animalia_Chordata_Amphibia_Anura_Bufonidae_Anaxyrus_americanus
train_mini,1151820,2942,train_mini/02942_Animalia_Chordata_Amphibia_Anura_Bufonidae_Anaxyrus_americanus/fbb8747a-8676-4040-8b1e-bdb88d90e7d3.jpg,375,500,Anaxyrus americanus,02942_Animalia_Chordata_Amphibia_Anura_Bufonidae_Anaxyrus_americanus
train_mini,1162058,2942,train_mini/02942_Animalia_Chordata_Amphibia_Anura_Bufonidae_Anaxyrus_americanus/e4270100-2ccd-4cbd-b7af-cfccfe8da041.jpg,375,500,Anaxyrus americanus,02942_Animalia_Chordata_Amphibia_Anura_Bufonidae_Anaxyrus_americanus
train_mini,1237018,2942,train_mini/02942_Animalia_Chordata_Amphibia_Anura_Bufonidae_Anaxyrus_americanus/7a918e5a-5967-4018-9cfb-3c1e233a9a51.jpg,375,500,Anaxyrus americanus,02942_Animalia_Chordata_Amphibia_Anura_Bufonidae_Anaxyrus_americanus
train_mini,1280358,2942,train_mini/02942_Animalia_Chordata_Amphibia_Anura_Bufonidae_Anaxyrus_americanus/99c3384e-2ae2-49bf-8b18-6ef7d991ac03.jpg,500,500,Anaxyrus americanus,02942_Animalia_Chordata_Amphibia_Anura_Bufonidae_Anaxyrus_americanus
train_mini,1688083,2942,train_mini/02942_Animalia_Chordata_Amphibia_Anura_Bufonidae_Anaxyrus_americanus/2fe2217e-f3dd-451d-bd59-0a0e702f397c.jpg,500,375,Anaxyrus americanus,02942_Animalia_Chordata_Amphibia_Anura_Bufonidae_Anaxyrus_americanus
train_mini,1728856,2942,train_mini/02942_Animalia_Chordata_Amphibia_Anura_Bufonidae_Anaxyrus_americanus/c71c6312-923a-4405-a047-372250973004.jpg,500,375,Anaxyrus americanus,02942_Animalia_Chordata_Amphibia_Anura_Bufonidae_Anaxyrus_americanus
train_mini,1756743,2942,train_mini/02942_Animalia_Chordata_Amphibia_Anura_Bufonidae_Anaxyrus_americanus/b082e263-4ca2-419c-a60e-761c3be80b65.jpg,500,333,Anaxyrus americanus,02942_Animalia_Chordata_Amphibia_Anura_Bufonidae_Anaxyrus_americanus
train_mini,1781358,2942,train_mini/02942_Animalia_Chordata_Amphibia_Anura_Bufonidae_Anaxyrus_americanus/7f0ae3e3-9a1a-44ff-93ae-f5f217b6b55d.jpg,375,500,Anaxyrus americanus,02942_Animalia_Chordata_Amphibia_Anura_Bufonidae_Anaxyrus_americanus
train_mini,1783867,2942,train_mini/02942_Animalia_Chordata_Amphibia_Anura_Bufonidae_Anaxyrus_americanus/1cb8ad88-83b9-4ad3-85fc-cffa164cc1cd.jpg,500,375,Anaxyrus americanus,02942_Animalia_Chordata_Amphibia_Anura_Bufonidae_Anaxyrus_americanus
train_mini,1818159,2942,train_mini/02942_Animalia_Chordata_Amphibia_Anura_Bufonidae_Anaxyrus_americanus/689a88b6-aade-4720-8e8f-35d649ec4955.jpg,414,500,Anaxyrus americanus,02942_Animalia_Chordata_Amphibia_Anura_Bufonidae_Anaxyrus_americanus
train_mini,1820542,2942,train_mini/02942_Animalia_Chordata_Amphibia_Anura_Bufonidae_Anaxyrus_americanus/ca565057-c9bf-4816-8505-d35895ec07ce.jpg,375,500,Anaxyrus americanus,02942_Animalia_Chordata_Amphibia_Anura_Bufonidae_Anaxyrus_americanus
train_mini,1934344,2942,train_mini/02942_Animalia_Chordata_Amphibia_Anura_Bufonidae_Anaxyrus_americanus/651b2857-7d8a-48cf-b24d-ecdf85d85740.jpg,375,500,Anaxyrus americanus,02942_Animalia_Chordata_Amphibia_Anura_Bufonidae_Anaxyrus_americanus
train_mini,1976559,2942,train_mini/02942_Animalia_Chordata_Amphibia_Anura_Bufonidae_Anaxyrus_americanus/cd271dba-e64f-420e-b5d1-9162a5af4244.jpg,500,281,Anaxyrus americanus,02942_Animalia_Chordata_Amphibia_Anura_Bufonidae_Anaxyrus_americanus
train_mini,2037477,2942,train_mini/02942_Animalia_Chordata_Amphibia_Anura_Bufonidae_Anaxyrus_americanus/dd1ba5c7-d4c0-42db-bd18-9290681ff378.jpg,375,500,Anaxyrus americanus,02942_Animalia_Chordata_Amphibia_Anura_Bufonidae_Anaxyrus_americanus
train_mini,2081498,2942,train_mini/02942_Animalia_Chordata_Amphibia_Anura_Bufonidae_Anaxyrus_americanus/0d0ee06e-be3a-4927-b66a-6cc18795b311.jpg,375,500,Anaxyrus americanus,02942_Animalia_Chordata_Amphibia_Anura_Bufonidae_Anaxyrus_americanus
train_mini,2082687,2942,train_mini/02942_Animalia_Chordata_Amphibia_Anura_Bufonidae_Anaxyrus_americanus/555cc6de-07f8-4fa6-b52f-bbe353f80705.jpg,500,375,Anaxyrus americanus,02942_Animalia_Chordata_Amphibia_Anura_Bufonidae_Anaxyrus_americanus
train_mini,2212646,2942,train_mini/02942_Animalia_Chordata_Amphibia_Anura_Bufonidae_Anaxyrus_americanus/8b691db4-b2ac-4f43-a45e-abf8443cc089.jpg,281,500,Anaxyrus americanus,02942_Animalia_Chordata_Amphibia_Anura_Bufonidae_Anaxyrus_americanus
train_mini,2246896,2942,train_mini/02942_Animalia_Chordata_Amphibia_Anura_Bufonidae_Anaxyrus_americanus/7d8df4b7-931b-43db-b876-d595a5906081.jpg,375,500,Anaxyrus americanus,02942_Animalia_Chordata_Amphibia_Anura_Bufonidae_Anaxyrus_americanus
train_mini,2267722,2942,train_mini/02942_Animalia_Chordata_Amphibia_Anura_Bufonidae_Anaxyrus_americanus/9ef95809-a340-4f3b-b1b9-2f823feca541.jpg,375,500,Anaxyrus americanus,02942_Animalia_Chordata_Amphibia_Anura_Bufonidae_Anaxyrus_americanus
train_mini,2279502,2942,train_mini/02942_Animalia_Chordata_Amphibia_Anura_Bufonidae_Anaxyrus_americanus/185f2d08-31c2-4fc3-a30c-343933628c12.jpg,500,375,Anaxyrus americanus,02942_Animalia_Chordata_Amphibia_Anura_Bufonidae_Anaxyrus_americanus
train_mini,2286701,2942,train_mini/02942_Animalia_Chordata_Amphibia_Anura_Bufonidae_Anaxyrus_americanus/36a80729-2a8b-412d-acf3-27ef3a24c05f.jpg,456,500,Anaxyrus americanus,02942_Animalia_Chordata_Amphibia_Anura_Bufonidae_Anaxyrus_americanus
train_mini,2290800,2942,train_mini/02942_Animalia_Chordata_Amphibia_Anura_Bufonidae_Anaxyrus_americanus/4f875f6f-bcc8-426a-9fe0-7df4a06e1fcf.jpg,375,500,Anaxyrus americanus,02942_Animalia_Chordata_Amphibia_Anura_Bufonidae_Anaxyrus_americanus
train_mini,2327178,2942,train_mini/02942_Animalia_Chordata_Amphibia_Anura_Bufonidae_Anaxyrus_americanus/0f3d1d98-19f2-4bf6-9be6-baaff14a8a61.jpg,375,500,Anaxyrus americanus,02942_Animalia_Chordata_Amphibia_Anura_Bufonidae_Anaxyrus_americanus
train_mini,2346046,2942,train_mini/02942_Animalia_Chordata_Amphibia_Anura_Bufonidae_Anaxyrus_americanus/cea98b05-8495-4cba-9015-b1fad860a58a.jpg,375,500,Anaxyrus americanus,02942_Animalia_Chordata_Amphibia_Anura_Bufonidae_Anaxyrus_americanus
train_mini,2381485,2942,train_mini/02942_Animalia_Chordata_Amphibia_Anura_Bufonidae_Anaxyrus_americanus/a2eaa66b-3905-4255-ba10-79ca3f65394d.jpg,375,500,Anaxyrus americanus,02942_Animalia_Chordata_Amphibia_Anura_Bufonidae_Anaxyrus_americanus
train_mini,2401368,2942,train_mini/02942_Animalia_Chordata_Amphibia_Anura_Bufonidae_Anaxyrus_americanus/c05bc44f-7965-4989-abf5-c1ed0c4e7efa.jpg,500,333,Anaxyrus americanus,02942_Animalia_Chordata_Amphibia_Anura_Bufonidae_Anaxyrus_americanus
train_mini,2530051,2942,train_mini/02942_Animalia_Chordata_Amphibia_Anura_Bufonidae_Anaxyrus_americanus/70942fee-968e-4ad9-8a40-1bbfdb3d6f50.jpg,500,368,Anaxyrus americanus,02942_Animalia_Chordata_Amphibia_Anura_Bufonidae_Anaxyrus_americanus
train_mini,2537152,2942,train_mini/02942_Animalia_Chordata_Amphibia_Anura_Bufonidae_Anaxyrus_americanus/ed831464-b1a4-4e6c-a508-44d13d70558d.jpg,500,375,Anaxyrus americanus,02942_Animalia_Chordata_Amphibia_Anura_Bufonidae_Anaxyrus_americanus
train_mini,2605433,2942,train_mini/02942_Animalia_Chordata_Amphibia_Anura_Bufonidae_Anaxyrus_americanus/827b3eb4-dcf8-464a-8c03-8cb7459c4a4f.jpg,500,372,Anaxyrus americanus,02942_Animalia_Chordata_Amphibia_Anura_Bufonidae_Anaxyrus_americanus
train_mini,2675976,2942,train_mini/02942_Animalia_Chordata_Amphibia_Anura_Bufonidae_Anaxyrus_americanus/714c02b6-4921-4568-ae9f-f5a0f9fb2d5a.jpg,500,375,Anaxyrus americanus,02942_Animalia_Chordata_Amphibia_Anura_Bufonidae_Anaxyrus_americanus
train_mini,4164,3058,train_mini/03058_Animalia_Chordata_Amphibia_Caudata_Ambystomatidae_Ambystoma_gracile/34123e98-3e08-4c1b-8f3e-aeeb88ad915d.jpg,500,333,Ambystoma gracile,03058_Animalia_Chordata_Amphibia_Caudata_Ambystomatidae_Ambystoma_gracile
train_mini,10625,3058,train_mini/03058_Animalia_Chordata_Amphibia_Caudata_Ambystomatidae_Ambystoma_gracile/c51eff4f-fe51-4f7d-a379-e0a9084bdcc8.jpg,500,320,Ambystoma gracile,03058_Animalia_Chordata_Amphibia_Caudata_Ambystomatidae_Ambystoma_gracile
train_mini,18798,3058,train_mini/03058_Animalia_Chordata_Amphibia_Caudata_Ambystomatidae_Ambystoma_gracile/c84393df-d193-4073-b027-80f8a4c3986e.jpg,500,333,Ambystoma gracile,03058_Animalia_Chordata_Amphibia_Caudata_Ambystomatidae_Ambystoma_gracile
train_mini,26599,3058,train_mini/03058_Animalia_Chordata_Amphibia_Caudata_Ambystomatidae_Ambystoma_gracile/62056b0a-4f15-4208-8c73-a4b4b8cc06f4.jpg,500,367,Ambystoma gracile,03058_Animalia_Chordata_Amphibia_Caudata_Ambystomatidae_Ambystoma_gracile
train_mini,27017,3058,train_mini/03058_Animalia_Chordata_Amphibia_Caudata_Ambystomatidae_Ambystoma_gracile/da231848-cb04-4a75-865a-60b47319cd7c.jpg,375,500,Ambystoma gracile,03058_Animalia_Chordata_Amphibia_Caudata_Ambystomatidae_Ambystoma_gracile
train_mini,28324,3058,train_mini/03058_Animalia_Chordata_Amphibia_Caudata_Ambystomatidae_Ambystoma_gracile/2814a571-1370-43c4-88e7-313e4eaadaa4.jpg,500,375,Ambystoma gracile,03058_Animalia_Chordata_Amphibia_Caudata_Ambystomatidae_Ambystoma_gracile
train_mini,30084,3058,train_mini/03058_Animalia_Chordata_Amphibia_Caudata_Ambystomatidae_Ambystoma_gracile/5be87c3c-52a4-4777-a479-7197fce0a6f0.jpg,500,333,Ambystoma gracile,03058_Animalia_Chordata_Amphibia_Caudata_Ambystomatidae_Ambystoma_gracile
train_mini,86801,3058,train_mini/03058_Animalia_Chordata_Amphibia_Caudata_Ambystomatidae_Ambystoma_gracile/7e6f1bf9-9eb0-4885-af6f-de8d32b0c4ff.jpg,500,375,Ambystoma gracile,03058_Animalia_Chordata_Amphibia_Caudata_Ambystomatidae_Ambystoma_gracile
train_mini,172758,3058,train_mini/03058_Animalia_Chordata_Amphibia_Caudata_Ambystomatidae_Ambystoma_gracile/813c8d80-830d-4944-8b48-07b79d26b261.jpg,500,375,Ambystoma gracile,03058_Animalia_Chordata_Amphibia_Caudata_Ambystomatidae_Ambystoma_gracile
train_mini,221426,3058,train_mini/03058_Animalia_Chordata_Amphibia_Caudata_Ambystomatidae_Ambystoma_gracile/acf57f6b-a755-48e1-8737-f1a6589ef5b9.jpg,500,500,Ambystoma gracile,03058_Animalia_Chordata_Amphibia_Caudata_Ambystomatidae_Ambystoma_gracile
train_mini,243239,3058,train_mini/03058_Animalia_Chordata_Amphibia_Caudata_Ambystomatidae_Ambystoma_gracile/16f0036b-a1fe-49ec-a832-ebd25c97cfcc.jpg,374,500,Ambystoma gracile,03058_Animalia_Chordata_Amphibia_Caudata_Ambystomatidae_Ambystoma_gracile
train_mini,349125,3058,train_mini/03058_Animalia_Chordata_Amphibia_Caudata_Ambystomatidae_Ambystoma_gracile/bd5d2252-8dae-46e6-b825-e078b11d76f4.jpg,500,375,Ambystoma gracile,03058_Animalia_Chordata_Amphibia_Caudata_Ambystomatidae_Ambystoma_gracile
train_mini,411820,3058,train_mini/03058_Animalia_Chordata_Amphibia_Caudata_Ambystomatidae_Ambystoma_gracile/93c76c44-9a31-405d-a004-99445067b6b4.jpg,500,500,Ambystoma gracile,03058_Animalia_Chordata_Amphibia_Caudata_Ambystomatidae_Ambystoma_gracile
train_mini,413009,3058,train_mini/03058_Animalia_Chordata_Amphibia_Caudata_Ambystomatidae_Ambystoma_gracile/bb6a55e5-dcdc-4173-b1a4-a13374e4d526.jpg,500,438,Ambystoma gracile,03058_Animalia_Chordata_Amphibia_Caudata_Ambystomatidae_Ambystoma_gracile
train_mini,413690,3058,train_mini/03058_Animalia_Chordata_Amphibia_Caudata_Ambystomatidae_Ambystoma_gracile/01613df8-ca9d-453d-8938-7d217a982ee6.jpg,480,480,Ambystoma gracile,03058_Animalia_Chordata_Amphibia_Caudata_Ambystomatidae_Ambystoma_gracile
train_mini,424715,3058,train_mini/03058_Animalia_Chordata_Amphibia_Caudata_Ambystomatidae_Ambystoma_gracile/b515eb85-f2b0-4cc2-9596-2834c72615e4.jpg,375,500,Ambystoma gracile,03058_Animalia_Chordata_Amphibia_Caudata_Ambystomatidae_Ambystoma_gracile
train_mini,496811,3058,train_mini/03058_Animalia_Chordata_Amphibia_Caudata_Ambystomatidae_Ambystoma_gracile/9b2eb42f-c955-458d-b075-59789144c307.jpg,375,500,Ambystoma gracile,03058_Animalia_Chordata_Amphibia_Caudata_Ambystomatidae_Ambystoma_gracile
train_mini,656341,3058,train_mini/03058_Animalia_Chordata_Amphibia_Caudata_Ambystomatidae_Ambystoma_gracile/22859b35-207e-40ee-88cf-f0c2ffd405cb.jpg,375,500,Ambystoma gracile,03058_Animalia_Chordata_Amphibia_Caudata_Ambystomatidae_Ambystoma_gracile
train_mini,683084,3058,train_mini/03058_Animalia_Chordata_Amphibia_Caudata_Ambystomatidae_Ambystoma_gracile/b9875643-73df-4692-a101-84059d7730ad.jpg,500,418,Ambystoma gracile,03058_Animalia_Chordata_Amphibia_Caudata_Ambystomatidae_Ambystoma_gracile
train_mini,709365,3058,train_mini/03058_Animalia_Chordata_Amphibia_Caudata_Ambystomatidae_Ambystoma_gracile/535e8505-fcad-4141-9d81-2f6f4a0cf572.jpg,375,500,Ambystoma gracile,03058_Animalia_Chordata_Amphibia_Caudata_Ambystomatidae_Ambystoma_gracile
train_mini,728691,3058,train_mini/03058_Animalia_Chordata_Amphibia_Caudata_Ambystomatidae_Ambystoma_gracile/7e46ab8f-2f3f-40cc-9f85-634f9439df6a.jpg,500,375,Ambystoma gracile,03058_Animalia_Chordata_Amphibia_Caudata_Ambystomatidae_Ambystoma_gracile
train_mini,881320,3058,train_mini/03058_Animalia_Chordata_Amphibia_Caudata_Ambystomatidae_Ambystoma_gracile/523cdb0e-1efb-4585-bc68-944d4dd46993.jpg,375,500,Ambystoma gracile,03058_Animalia_Chordata_Amphibia_Caudata_Ambystomatidae_Ambystoma_gracile
train_mini,964622,3058,train_mini/03058_Animalia_Chordata_Amphibia_Caudata_Ambystomatidae_Ambystoma_gracile/c2069ca2-c7c0-4edc-88f6-3dec8229a044.jpg,500,375,Ambystoma gracile,03058_Animalia_Chordata_Amphibia_Caudata_Ambystomatidae_Ambystoma_gracile
train_mini,1267360,3058,train_mini/03058_Animalia_Chordata_Amphibia_Caudata_Ambystomatidae_Ambystoma_gracile/cf01bdf8-faee-465f-9506-2be03f22ea62.jpg,500,375,Ambystoma gracile,03058_Animalia_Chordata_Amphibia_Caudata_Ambystomatidae_Ambystoma_gracile
train_mini,1298542,3058,train_mini/03058_Animalia_Chordata_Amphibia_Caudata_Ambystomatidae_Ambystoma_gracile/5ae3ac3f-d48c-4f19-bd52-0a15c18bd0b8.jpg,375,500,Ambystoma gracile,03058_Animalia_Chordata_Amphibia_Caudata_Ambystomatidae_Ambystoma_gracile
train_mini,1384806,3058,train_mini/03058_Animalia_Chordata_Amphibia_Caudata_Ambystomatidae_Ambystoma_gracile/29720aa0-41ed-461f-bc77-a415626a6a00.jpg,500,415,Ambystoma gracile,03058_Animalia_Chordata_Amphibia_Caudata_Ambystomatidae_Ambystoma_gracile
train_mini,1442623,3058,train_mini/03058_Animalia_Chordata_Amphibia_Caudata_Ambystomatidae_Ambystoma_gracile/457b37ab-3756-4df8-979d-f1edf13cb2f6.jpg,500,375,Ambystoma gracile,03058_Animalia_Chordata_Amphibia_Caudata_Ambystomatidae_Ambystoma_gracile
train_mini,1461810,3058,train_mini/03058_Animalia_Chordata_Amphibia_Caudata_Ambystomatidae_Ambystoma_gracile/828f16c0-bb1b-4548-b03b-552d21a8bf6d.jpg,500,479,Ambystoma gracile,03058_Animalia_Chordata_Amphibia_Caudata_Ambystomatidae_Ambystoma_gracile
train_mini,1487223,3058,train_mini/03058_Animalia_Chordata_Amphibia_Caudata_Ambystomatidae_Ambystoma_gracile/787cb5f1-b54c-4f08-be0a-a5cc630b5898.jpg,500,333,Ambystoma gracile,03058_Animalia_Chordata_Amphibia_Caudata_Ambystomatidae_Ambystoma_gracile
train_mini,1488382,3058,train_mini/03058_Animalia_Chordata_Amphibia_Caudata_Ambystomatidae_Ambystoma_gracile/7a8975f4-ed6d-40e4-9ef6-3dac3c19d80a.jpg,375,500,Ambystoma gracile,03058_Animalia_Chordata_Amphibia_Caudata_Ambystomatidae_Ambystoma_gracile
train_mini,1597924,3058,train_mini/03058_Animalia_Chordata_Amphibia_Caudata_Ambystomatidae_Ambystoma_gracile/f9efa1f9-636a-49d7-ab68-cb26a5c735c1.jpg,500,375,Ambystoma gracile,03058_Animalia_Chordata_Amphibia_Caudata_Ambystomatidae_Ambystoma_gracile
train_mini,1695015,3058,train_mini/03058_Animalia_Chordata_Amphibia_Caudata_Ambystomatidae_Ambystoma_gracile/dbc7eb0f-8fc5-4ea4-8c6d-f720bb9a835d.jpg,281,500,Ambystoma gracile,03058_Animalia_Chordata_Amphibia_Caudata_Ambystomatidae_Ambystoma_gracile
train_mini,1751050,3058,train_mini/03058_Animalia_Chordata_Amphibia_Caudata_Ambystomatidae_Ambystoma_gracile/6dcbec0e-9022-4637-8ae3-0bd38ede505f.jpg,500,417,Ambystoma gracile,03058_Animalia_Chordata_Amphibia_Caudata_Ambystomatidae_Ambystoma_gracile
train_mini,1808188,3058,train_mini/03058_Animalia_Chordata_Amphibia_Caudata_Ambystomatidae_Ambystoma_gracile/1af2f4a7-c85f-4cb2-8983-4c2f7f9ad4f5.jpg,375,500,Ambystoma gracile,03058_Animalia_Chordata_Amphibia_Caudata_Ambystomatidae_Ambystoma_gracile
train_mini,1891890,3058,train_mini/03058_Animalia_Chordata_Amphibia_Caudata_Ambystomatidae_Ambystoma_gracile/7bfcbe76-9350-4dcb-bb40-8dfb50661de2.jpg,375,500,Ambystoma gracile,03058_Animalia_Chordata_Amphibia_Caudata_Ambystomatidae_Ambystoma_gracile
train_mini,1941745,3058,train_mini/03058_Animalia_Chordata_Amphibia_Caudata_Ambystomatidae_Ambystoma_gracile/be858c7a-e264-4fe1-864a-0bd116a49d15.jpg,375,500,Ambystoma gracile,03058_Animalia_Chordata_Amphibia_Caudata_Ambystomatidae_Ambystoma_gracile
train_mini,2089984,3058,train_mini/03058_Animalia_Chordata_Amphibia_Caudata_Ambystomatidae_Ambystoma_gracile/d652daa0-6943-43a6-8110-1b4de0acecd7.jpg,375,500,Ambystoma gracile,03058_Animalia_Chordata_Amphibia_Caudata_Ambystomatidae_Ambystoma_gracile
train_mini,2211563,3058,train_mini/03058_Animalia_Chordata_Amphibia_Caudata_Ambystomatidae_Ambystoma_gracile/62d042a3-e7c1-4237-bcb7-dd4b09216e6a.jpg,500,375,Ambystoma gracile,03058_Animalia_Chordata_Amphibia_Caudata_Ambystomatidae_Ambystoma_gracile
train_mini,2305206,3058,train_mini/03058_Animalia_Chordata_Amphibia_Caudata_Ambystomatidae_Ambystoma_gracile/5e385caa-2320-4066-9a79-3f30ec969594.jpg,500,375,Ambystoma gracile,03058_Animalia_Chordata_Amphibia_Caudata_Ambystomatidae_Ambystoma_gracile
train_mini,2318813,3058,train_mini/03058_Animalia_Chordata_Amphibia_Caudata_Ambystomatidae_Ambystoma_gracile/abfb5929-d548-4811-b93b-32050d6813a5.jpg,375,500,Ambystoma gracile,03058_Animalia_Chordata_Amphibia_Caudata_Ambystomatidae_Ambystoma_gracile
train_mini,2330666,3058,train_mini/03058_Animalia_Chordata_Amphibia_Caudata_Ambystomatidae_Ambystoma_gracile/f9fa8de3-6130-4a7c-b26c-9496e3cb47ed.jpg,375,500,Ambystoma gracile,03058_Animalia_Chordata_Amphibia_Caudata_Ambystomatidae_Ambystoma_gracile
train_mini,2341631,3058,train_mini/03058_Animalia_Chordata_Amphibia_Caudata_Ambystomatidae_Ambystoma_gracile/967a3a0a-0f47-43af-a6ed-bef077da3b46.jpg,250,500,Ambystoma gracile,03058_Animalia_Chordata_Amphibia_Caudata_Ambystomatidae_Ambystoma_gracile
train_mini,2374367,3058,train_mini/03058_Animalia_Chordata_Amphibia_Caudata_Ambystomatidae_Ambystoma_gracile/b07e9c43-7856-4bd0-9300-3bd57e2b5330.jpg,500,375,Ambystoma gracile,03058_Animalia_Chordata_Amphibia_Caudata_Ambystomatidae_Ambystoma_gracile
train_mini,2415527,3058,train_mini/03058_Animalia_Chordata_Amphibia_Caudata_Ambystomatidae_Ambystoma_gracile/c050076a-fd91-4570-8c77-c3db6a3a9ec5.jpg,375,500,Ambystoma gracile,03058_Animalia_Chordata_Amphibia_Caudata_Ambystomatidae_Ambystoma_gracile
train_mini,2431290,3058,train_mini/03058_Animalia_Chordata_Amphibia_Caudata_Ambystomatidae_Ambystoma_gracile/444bbd05-beb2-4f6a-a59c-a092d5cb0057.jpg,500,375,Ambystoma gracile,03058_Animalia_Chordata_Amphibia_Caudata_Ambystomatidae_Ambystoma_gracile
train_mini,2452964,3058,train_mini/03058_Animalia_Chordata_Amphibia_Caudata_Ambystomatidae_Ambystoma_gracile/f3d56ab9-cb5b-437a-89ca-ebc49b2f88ee.jpg,500,333,Ambystoma gracile,03058_Animalia_Chordata_Amphibia_Caudata_Ambystomatidae_Ambystoma_gracile
train_mini,2485723,3058,train_mini/03058_Animalia_Chordata_Amphibia_Caudata_Ambystomatidae_Ambystoma_gracile/1250ce2b-a94a-4e28-bbef-208a4fa9a9a4.jpg,375,500,Ambystoma gracile,03058_Animalia_Chordata_Amphibia_Caudata_Ambystomatidae_Ambystoma_gracile
train_mini,2641490,3058,train_mini/03058_Animalia_Chordata_Amphibia_Caudata_Ambystomatidae_Ambystoma_gracile/b2cc8b59-d251-4843-ada4-692d152b89a0.jpg,500,375,Ambystoma gracile,03058_Animalia_Chordata_Amphibia_Caudata_Ambystomatidae_Ambystoma_gracile
train_mini,2650738,3058,train_mini/03058_Animalia_Chordata_Amphibia_Caudata_Ambystomatidae_Ambystoma_gracile/1de3bb0a-8aa3-4d73-92f5-6921717d7541.jpg,500,375,Ambystoma gracile,03058_Animalia_Chordata_Amphibia_Caudata_Ambystomatidae_Ambystoma_gracile
train_mini,2684685,3058,train_mini/03058_Animalia_Chordata_Amphibia_Caudata_Ambystomatidae_Ambystoma_gracile/4b71a4bb-e89a-4629-84ab-6cdeb2eacc64.jpg,500,375,Ambystoma gracile,03058_Animalia_Chordata_Amphibia_Caudata_Ambystomatidae_Ambystoma_gracile
train_mini,22412,3111,train_mini/03111_Animalia_Chordata_Aves_Accipitriformes_Accipitridae_Accipiter_badius/4c7ce1b3-9b11-4ecd-bb4c-2b8980bce74b.jpg,333,500,Accipiter badius,03111_Animalia_Chordata_Aves_Accipitriformes_Accipitridae_Accipiter_badius
train_mini,106546,3111,train_mini/03111_Animalia_Chordata_Aves_Accipitriformes_Accipitridae_Accipiter_badius/f2ccdb9a-eef0-49d1-9f69-79b892a5cad3.jpg,500,333,Accipiter badius,03111_Animalia_Chordata_Aves_Accipitriformes_Accipitridae_Accipiter_badius
train_mini,207233,3111,train_mini/03111_Animalia_Chordata_Aves_Accipitriformes_Accipitridae_Accipiter_badius/a0d19054-3d8f-4068-b7af-e007c071a16a.jpg,375,500,Accipiter badius,03111_Animalia_Chordata_Aves_Accipitriformes_Accipitridae_Accipiter_badius
train_mini,278099,3111,train_mini/03111_Animalia_Chordata_Aves_Accipitriformes_Accipitridae_Accipiter_badius/a338ba12-9302-4f53-83cf-18a4d0ed18a2.jpg,500,315,Accipiter badius,03111_Animalia_Chordata_Aves_Accipitriformes_Accipitridae_Accipiter_badius
train_mini,321843,3111,train_mini/03111_Animalia_Chordata_Aves_Accipitriformes_Accipitridae_Accipiter_badius/2fea093d-3764-492d-9cba-f55bfc05becd.jpg,500,334,Accipiter badius,03111_Animalia_Chordata_Aves_Accipitriformes_Accipitridae_Accipiter_badius
train_mini,334309,3111,train_mini/03111_Animalia_Chordata_Aves_Accipitriformes_Accipitridae_Accipiter_badius/8b54a660-49e7-4319-8c45-5197ffcd0713.jpg,381,500,Accipiter badius,03111_Animalia_Chordata_Aves_Accipitriformes_Accipitridae_Accipiter_badius
train_mini,398188,3111,train_mini/03111_Animalia_Chordata_Aves_Accipitriformes_Accipitridae_Accipiter_badius/dfccbf89-10d3-4e4b-adc9-d33c035b5198.jpg,440,500,Accipiter badius,03111_Animalia_Chordata_Aves_Accipitriformes_Accipitridae_Accipiter_badius
train_mini,463424,3111,train_mini/03111_Animalia_Chordata_Aves_Accipitriformes_Accipitridae_Accipiter_badius/fa03e82f-c61f-42c0-bdf1-6668b1404ece.jpg,346,231,Accipiter badius,03111_Animalia_Chordata_Aves_Accipitriformes_Accipitridae_Accipiter_badius
train_mini,532644,3111,train_mini/03111_Animalia_Chordata_Aves_Accipitriformes_Accipitridae_Accipiter_badius/69522551-af13-40ea-8036-d349d612c5a8.jpg,296,500,Accipiter badius,03111_Animalia_Chordata_Aves_Accipitriformes_Accipitridae_Accipiter_badius
train_mini,657832,3111,train_mini/03111_Animalia_Chordata_Aves_Accipitriformes_Accipitridae_Accipiter_badius/845f7bab-863f-48e1-b287-34d2d786969d.jpg,500,335,Accipiter badius,03111_Animalia_Chordata_Aves_Accipitriformes_Accipitridae_Accipiter_badius
train_mini,689230,3111,train_mini/03111_Animalia_Chordata_Aves_Accipitriformes_Accipitridae_Accipiter_badius/2c3b45ac-6bf3-4203-ab53-1557f88877bb.jpg,500,383,Accipiter badius,03111_Animalia_Chordata_Aves_Accipitriformes_Accipitridae_Accipiter_badius
train_mini,708878,3111,train_mini/03111_Animalia_Chordata_Aves_Accipitriformes_Accipitridae_Accipiter_badius/2a7489c0-c8f2-4154-8acc-645c3f71e1a2.jpg,361,500,Accipiter badius,03111_Animalia_Chordata_Aves_Accipitriformes_Accipitridae_Accipiter_badius
train_mini,782727,3111,train_mini/03111_Animalia_Chordata_Aves_Accipitriformes_Accipitridae_Accipiter_badius/9290f4b7-dc2f-4a1b-a623-b4dd330ab94e.jpg,500,375,Accipiter badius,03111_Animalia_Chordata_Aves_Accipitriformes_Accipitridae_Accipiter_badius
train_mini,789121,3111,train_mini/03111_Animalia_Chordata_Aves_Accipitriformes_Accipitridae_Accipiter_badius/e9d912f6-b699-4f05-9f67-705e40510f5c.jpg,469,500,Accipiter badius,03111_Animalia_Chordata_Aves_Accipitriformes_Accipitridae_Accipiter_badius
train_mini,1013658,3111,train_mini/03111_Animalia_Chordata_Aves_Accipitriformes_Accipitridae_Accipiter_badius/24334295-1080-4f31-ad90-f2298096f678.jpg,478,500,Accipiter badius,03111_Animalia_Chordata_Aves_Accipitriformes_Accipitridae_Accipiter_badius
train_mini,1091962,3111,train_mini/03111_Animalia_Chordata_Aves_Accipitriformes_Accipitridae_Accipiter_badius/fa55489e-716e-4c06-9c4f-6c298a55a940.jpg,500,357,Accipiter badius,03111_Animalia_Chordata_Aves_Accipitriformes_Accipitridae_Accipiter_badius
train_mini,1161611,3111,train_mini/03111_Animalia_Chordata_Aves_Accipitriformes_Accipitridae_Accipiter_badius/bc7ea674-9cad-4fe4-b297-ec315e950443.jpg,348,500,Accipiter badius,03111_Animalia_Chordata_Aves_Accipitriformes_Accipitridae_Accipiter_badius
train_mini,1174420,3111,train_mini/03111_Animalia_Chordata_Aves_Accipitriformes_Accipitridae_Accipiter_badius/c257e1a9-0913-4e7b-add0-f8807f8461fc.jpg,500,334,Accipiter badius,03111_Animalia_Chordata_Aves_Accipitriformes_Accipitridae_Accipiter_badius
train_mini,1260599,3111,train_mini/03111_Animalia_Chordata_Aves_Accipitriformes_Accipitridae_Accipiter_badius/818e0ca2-c174-4592-9001-c5bea3514f5b.jpg,500,400,Accipiter badius,03111_Animalia_Chordata_Aves_Accipitriformes_Accipitridae_Accipiter_badius
train_mini,1294285,3111,train_mini/03111_Animalia_Chordata_Aves_Accipitriformes_Accipitridae_Accipiter_badius/d8083228-0d3a-4b78-b612-bb31ab6918c4.jpg,313,500,Accipiter badius,03111_Animalia_Chordata_Aves_Accipitriformes_Accipitridae_Accipiter_badius
train_mini,1294470,3111,train_mini/03111_Animalia_Chordata_Aves_Accipitriformes_Accipitridae_Accipiter_badius/5b103d86-bde5-4446-b236-eb7286f801ef.jpg,500,369,Accipiter badius,03111_Animalia_Chordata_Aves_Accipitriformes_Accipitridae_Accipiter_badius
train_mini,1318804,3111,train_mini/03111_Animalia_Chordata_Aves_Accipitriformes_Accipitridae_Accipiter_badius/3066451d-1093-435f-a58b-7ea9f610b828.jpg,500,345,Accipiter badius,03111_Animalia_Chordata_Aves_Accipitriformes_Accipitridae_Accipiter_badius
train_mini,1336617,3111,train_mini/03111_Animalia_Chordata_Aves_Accipitriformes_Accipitridae_Accipiter_badius/896b9efe-0637-4978-9cdf-c68b131859c1.jpg,500,347,Accipiter badius,03111_Animalia_Chordata_Aves_Accipitriformes_Accipitridae_Accipiter_badius
train_mini,1406205,3111,train_mini/03111_Animalia_Chordata_Aves_Accipitriformes_Accipitridae_Accipiter_badius/5c5fb6f1-04a1-437b-80c9-d1e19e00a01c.jpg,500,486,Accipiter badius,03111_Animalia_Chordata_Aves_Accipitriformes_Accipitridae_Accipiter_badius
train_mini,1528409,3111,train_mini/03111_Animalia_Chordata_Aves_Accipitriformes_Accipitridae_Accipiter_badius/3a9a7601-b6a0-4106-a571-2109f549c1e7.jpg,312,500,Accipiter badius,03111_Animalia_Chordata_Aves_Accipitriformes_Accipitridae_Accipiter_badius
train_mini,1539065,3111,train_mini/03111_Animalia_Chordata_Aves_Accipitriformes_Accipitridae_Accipiter_badius/078236e4-98ae-4447-a3f4-c6322d3d7508.jpg,500,281,Accipiter badius,03111_Animalia_Chordata_Aves_Accipitriformes_Accipitridae_Accipiter_badius
train_mini,1969362,3111,train_mini/03111_Animalia_Chordata_Aves_Accipitriformes_Accipitridae_Accipiter_badius/f120cc78-6b18-411f-8a89-6b61ff5b967b.jpg,500,375,Accipiter badius,03111_Animalia_Chordata_Aves_Accipitriformes_Accipitridae_Accipiter_badius
train_mini,1972864,3111,train_mini/03111_Animalia_Chordata_Aves_Accipitriformes_Accipitridae_Accipiter_badius/3ddef97c-3e06-4621-b798-2447c244221e.jpg,496,500,Accipiter badius,03111_Animalia_Chordata_Aves_Accipitriformes_Accipitridae_Accipiter_badius
train_mini,1995356,3111,train_mini/03111_Animalia_Chordata_Aves_Accipitriformes_Accipitridae_Accipiter_badius/16a3e05b-c8df-4af1-9f88-c06d22de204b.jpg,380,500,Accipiter badius,03111_Animalia_Chordata_Aves_Accipitriformes_Accipitridae_Accipiter_badius
train_mini,2145254,3111,train_mini/03111_Animalia_Chordata_Aves_Accipitriformes_Accipitridae_Accipiter_badius/15a34371-3ad0-4d34-aa6c-ecfb19f6299a.jpg,500,375,Accipiter badius,03111_Animalia_Chordata_Aves_Accipitriformes_Accipitridae_Accipiter_badius
train_mini,2181831,3111,train_mini/03111_Animalia_Chordata_Aves_Accipitriformes_Accipitridae_Accipiter_badius/c2410f5f-83ef-4b3c-bf33-b29a86dfe582.jpg,458,500,Accipiter badius,03111_Animalia_Chordata_Aves_Accipitriformes_Accipitridae_Accipiter_badius
train_mini,2212166,3111,train_mini/03111_Animalia_Chordata_Aves_Accipitriformes_Accipitridae_Accipiter_badius/6676bb26-9d3b-47a6-80f2-d43e23507b2f.jpg,500,419,Accipiter badius,03111_Animalia_Chordata_Aves_Accipitriformes_Accipitridae_Accipiter_badius
train_mini,2355089,3111,train_mini/03111_Animalia_Chordata_Aves_Accipitriformes_Accipitridae_Accipiter_badius/ee6e48eb-945a-44dc-86ff-add3839d0aa3.jpg,500,333,Accipiter badius,03111_Animalia_Chordata_Aves_Accipitriformes_Accipitridae_Accipiter_badius
train_mini,2386606,3111,train_mini/03111_Animalia_Chordata_Aves_Accipitriformes_Accipitridae_Accipiter_badius/d97fd7fb-d16f-446e-b0ac-1775efa4e5e8.jpg,500,375,Accipiter badius,03111_Animalia_Chordata_Aves_Accipitriformes_Accipitridae_Accipiter_badius
train_mini,2512940,3111,train_mini/03111_Animalia_Chordata_Aves_Accipitriformes_Accipitridae_Accipiter_badius/1fb85e6c-843e-49da-bad6-fe3d901f7d56.jpg,500,375,Accipiter badius,03111_Animalia_Chordata_Aves_Accipitriformes_Accipitridae_Accipiter_badius
train_mini,2517083,3111,train_mini/03111_Animalia_Chordata_Aves_Accipitriformes_Accipitridae_Accipiter_badius/9e654d63-34cc-4717-9c6b-a8b6509e4071.jpg,500,375,Accipiter badius,03111_Animalia_Chordata_Aves_Accipitriformes_Accipitridae_Accipiter_badius
train_mini,2525302,3111,train_mini/03111_Animalia_Chordata_Aves_Accipitriformes_Accipitridae_Accipiter_badius/ea72987d-4a32-4db9-b95c-6b8d764a8635.jpg,500,333,Accipiter badius,03111_Animalia_Chordata_Aves_Accipitriformes_Accipitridae_Accipiter_badius
train_mini,2554459,3111,train_mini/03111_Animalia_Chordata_Aves_Accipitriformes_Accipitridae_Accipiter_badius/d85515a4-5a6a-4cd9-9426-e444bc343bd7.jpg,500,333,Accipiter badius,03111_Animalia_Chordata_Aves_Accipitriformes_Accipitridae_Accipiter_badius
train_mini,2586664,3111,train_mini/03111_Animalia_Chordata_Aves_Accipitriformes_Accipitridae_Accipiter_badius/7e646d0b-3f84-4761-b402-65491d8fd24c.jpg,333,500,Accipiter badius,03111_Animalia_Chordata_Aves_Accipitriformes_Accipitridae_Accipiter_badius
train_mini,2622816,3111,train_mini/03111_Animalia_Chordata_Aves_Accipitriformes_Accipitridae_Accipiter_badius/f1fedc46-9f29-431b-a10f-07e422b4bab0.jpg,500,333,Accipiter badius,03111_Animalia_Chordata_Aves_Accipitriformes_Accipitridae_Accipiter_badius
train_mini,2633425,3111,train_mini/03111_Animalia_Chordata_Aves_Accipitriformes_Accipitridae_Accipiter_badius/7ddd8e9d-101c-4505-9be8-6346b2092c68.jpg,333,500,Accipiter badius,03111_Animalia_Chordata_Aves_Accipitriformes_Accipitridae_Accipiter_badius
train_mini,2641704,3111,train_mini/03111_Animalia_Chordata_Aves_Accipitriformes_Accipitridae_Accipiter_badius/cb84c0f1-64fb-4baa-beea-548a3d063aec.jpg,500,375,Accipiter badius,03111_Animalia_Chordata_Aves_Accipitriformes_Accipitridae_Accipiter_badius
train_mini,2645969,3111,train_mini/03111_Animalia_Chordata_Aves_Accipitriformes_Accipitridae_Accipiter_badius/013fe827-0330-4248-8c10-28dd58c679a2.jpg,500,333,Accipiter badius,03111_Animalia_Chordata_Aves_Accipitriformes_Accipitridae_Accipiter_badius
train_mini,2654523,3111,train_mini/03111_Animalia_Chordata_Aves_Accipitriformes_Accipitridae_Accipiter_badius/b569a339-c328-4795-862f-f5becaac1d2d.jpg,500,333,Accipiter badius,03111_Animalia_Chordata_Aves_Accipitriformes_Accipitridae_Accipiter_badius
train_mini,2654582,3111,train_mini/03111_Animalia_Chordata_Aves_Accipitriformes_Accipitridae_Accipiter_badius/efd045f5-a2b3-4f3c-a881-c3cf9775a1be.jpg,500,375,Accipiter badius,03111_Animalia_Chordata_Aves_Accipitriformes_Accipitridae_Accipiter_badius
train_mini,2656056,3111,train_mini/03111_Animalia_Chordata_Aves_Accipitriformes_Accipitridae_Accipiter_badius/1cd0512b-29f1-4a07-a015-73b49cf4612d.jpg,375,500,Accipiter badius,03111_Animalia_Chordata_Aves_Accipitriformes_Accipitridae_Accipiter_badius
train_mini,2658173,3111,train_mini/03111_Animalia_Chordata_Aves_Accipitriformes_Accipitridae_Accipiter_badius/12e4fe94-e650-4cf2-8bc7-2adfca4a21ab.jpg,500,333,Accipiter badius,03111_Animalia_Chordata_Aves_Accipitriformes_Accipitridae_Accipiter_badius
train_mini,2658566,3111,train_mini/03111_Animalia_Chordata_Aves_Accipitriformes_Accipitridae_Accipiter_badius/ca7a9704-ae75-47a7-b588-2205d1844752.jpg,333,500,Accipiter badius,03111_Animalia_Chordata_Aves_Accipitriformes_Accipitridae_Accipiter_badius
train_mini,2680853,3111,train_mini/03111_Animalia_Chordata_Aves_Accipitriformes_Accipitridae_Accipiter_badius/f563e855-178c-4903-a5d1-6eafc82a472c.jpg,500,387,Accipiter badius,03111_Animalia_Chordata_Aves_Accipitriformes_Accipitridae_Accipiter_badius
train_mini,2683959,3111,train_mini/03111_Animalia_Chordata_Aves_Accipitriformes_Accipitridae_Accipiter_badius/fdb18c3e-6fba-4416-8890-f0f46d6e81db.jpg,297,500,Accipiter badius,03111_Animalia_Chordata_Aves_Accipitriformes_Accipitridae_Accipiter_badius
train_mini,29862,3191,train_mini/03191_Animalia_Chordata_Aves_Anseriformes_Anatidae_Anas_acuta/5a105b5d-85c8-49a7-9c01-cdd852d3938c.jpg,500,279,Anas acuta,03191_Animalia_Chordata_Aves_Anseriformes_Anatidae_Anas_acuta
train_mini,154022,3191,train_mini/03191_Animalia_Chordata_Aves_Anseriformes_Anatidae_Anas_acuta/29a67112-376d-475c-bae3-8ac10f72ce42.jpg,500,344,Anas acuta,03191_Animalia_Chordata_Aves_Anseriformes_Anatidae_Anas_acuta
train_mini,165356,3191,train_mini/03191_Animalia_Chordata_Aves_Anseriformes_Anatidae_Anas_acuta/60e41d4c-2044-4cb7-8955-a9223e866ad1.jpg,281,500,Anas acuta,03191_Animalia_Chordata_Aves_Anseriformes_Anatidae_Anas_acuta
train_mini,248667,3191,train_mini/03191_Animalia_Chordata_Aves_Anseriformes_Anatidae_Anas_acuta/0be897ba-e8e8-4179-8f32-05da34021fb0.jpg,500,333,Anas acuta,03191_Animalia_Chordata_Aves_Anseriformes_Anatidae_Anas_acuta
train_mini,293727,3191,train_mini/03191_Animalia_Chordata_Aves_Anseriformes_Anatidae_Anas_acuta/2ecb9828-1fbd-4303-b97e-c728b489e681.jpg,500,415,Anas acuta,03191_Animalia_Chordata_Aves_Anseriformes_Anatidae_Anas_acuta
train_mini,346878,3191,train_mini/03191_Animalia_Chordata_Aves_Anseriformes_Anatidae_Anas_acuta/912c667e-7541-4686-8abc-3031a8ecae06.jpg,500,375,Anas acuta,03191_Animalia_Chordata_Aves_Anseriformes_Anatidae_Anas_acuta
train_mini,436785,3191,train_mini/03191_Animalia_Chordata_Aves_Anseriformes_Anatidae_Anas_acuta/86b5c536-1c61-4f77-a2e3-81811bdfc9f7.jpg,500,331,Anas acuta,03191_Animalia_Chordata_Aves_Anseriformes_Anatidae_Anas_acuta
train_mini,446980,3191,train_mini/03191_Animalia_Chordata_Aves_Anseriformes_Anatidae_Anas_acuta/738112d9-ee0b-44d6-847e-9b46e6590ff4.jpg,500,336,Anas acuta,03191_Animalia_Chordata_Aves_Anseriformes_Anatidae_Anas_acuta
train_mini,600047,3191,train_mini/03191_Animalia_Chordata_Aves_Anseriformes_Anatidae_Anas_acuta/04cf3f8c-95ca-4982-80ba-eb3ac8f9aa9a.jpg,500,333,Anas acuta,03191_Animalia_Chordata_Aves_Anseriformes_Anatidae_Anas_acuta
train_mini,642300,3191,train_mini/03191_Animalia_Chordata_Aves_Anseriformes_Anatidae_Anas_acuta/31990368-0a6e-40cc-a2ac-7d52f5750872.jpg,500,375,Anas acuta,03191_Animalia_Chordata_Aves_Anseriformes_Anatidae_Anas_acuta
train_mini,647226,3191,train_mini/03191_Animalia_Chordata_Aves_Anseriformes_Anatidae_Anas_acuta/8ccdc2e8-681f-4580-847a-8d4beffe0c77.jpg,500,184,Anas acuta,03191_Animalia_Chordata_Aves_Anseriformes_Anatidae_Anas_acuta
train_mini,653339,3191,train_mini/03191_Animalia_Chordata_Aves_Anseriformes_Anatidae_Anas_acuta/a80d621b-2257-40fb-aa8f-2a0383dbe17e.jpg,500,341,Anas acuta,03191_Animalia_Chordata_Aves_Anseriformes_Anatidae_Anas_acuta
train_mini,659728,3191,train_mini/03191_Animalia_Chordata_Aves_Anseriformes_Anatidae_Anas_acuta/cdb7115c-b4b1-4ad4-b707-ed2ffadef62e.jpg,500,333,Anas acuta,03191_Animalia_Chordata_Aves_Anseriformes_Anatidae_Anas_acuta
train_mini,662523,3191,train_mini/03191_Animalia_Chordata_Aves_Anseriformes_Anatidae_Anas_acuta/c38fb806-d5fb-4993-bfd8-ad473f31daec.jpg,500,343,Anas acuta,03191_Animalia_Chordata_Aves_Anseriformes_Anatidae_Anas_acuta
train_mini,662597,3191,train_mini/03191_Animalia_Chordata_Aves_Anseriformes_Anatidae_Anas_acuta/be397b21-d580-456b-94bd-07e331bab42e.jpg,500,346,Anas acuta,03191_Animalia_Chordata_Aves_Anseriformes_Anatidae_Anas_acuta
train_mini,672189,3191,train_mini/03191_Animalia_Chordata_Aves_Anseriformes_Anatidae_Anas_acuta/9f467685-4348-44a1-86f8-ba4a1519612d.jpg,500,497,Anas acuta,03191_Animalia_Chordata_Aves_Anseriformes_Anatidae_Anas_acuta
train_mini,680434,3191,train_mini/03191_Animalia_Chordata_Aves_Anseriformes_Anatidae_Anas_acuta/cc7cbe7c-3a80-4c13-9587-a14eb318624f.jpg,500,375,Anas acuta,03191_Animalia_Chordata_Aves_Anseriformes_Anatidae_Anas_acuta
train_mini,709746,3191,train_mini/03191_Animalia_Chordata_Aves_Anseriformes_Anatidae_Anas_acuta/1e048eba-7a8b-4adb-824d-aa348ad093fd.jpg,500,368,Anas acuta,03191_Animalia_Chordata_Aves_Anseriformes_Anatidae_Anas_acuta
train_mini,772074,3191,train_mini/03191_Animalia_Chordata_Aves_Anseriformes_Anatidae_Anas_acuta/6971ebf5-a78b-4ab9-87f9-b21afd420ad2.jpg,500,170,Anas acuta,03191_Animalia_Chordata_Aves_Anseriformes_Anatidae_Anas_acuta
train_mini,871002,3191,train_mini/03191_Animalia_Chordata_Aves_Anseriformes_Anatidae_Anas_acuta/d35f980d-88aa-48cf-a924-b7ce9eb0c431.jpg,500,341,Anas acuta,03191_Animalia_Chordata_Aves_Anseriformes_Anatidae_Anas_acuta
train_mini,885375,3191,train_mini/03191_Animalia_Chordata_Aves_Anseriformes_Anatidae_Anas_acuta/60112a90-aa31-4031-ac16-e2bd18851b50.jpg,500,375,Anas acuta,03191_Animalia_Chordata_Aves_Anseriformes_Anatidae_Anas_acuta
train_mini,912450,3191,train_mini/03191_Animalia_Chordata_Aves_Anseriformes_Anatidae_Anas_acuta/cec3fcda-5092-4c3e-99fa-078e7dde34c3.jpg,500,333,Anas acuta,03191_Animalia_Chordata_Aves_Anseriformes_Anatidae_Anas_acuta
train_mini,1006331,3191,train_mini/03191_Animalia_Chordata_Aves_Anseriformes_Anatidae_Anas_acuta/a30eb7c8-5d27-42f7-9751-0440864f4786.jpg,500,375,Anas acuta,03191_Animalia_Chordata_Aves_Anseriformes_Anatidae_Anas_acuta
train_mini,1138830,3191,train_mini/03191_Animalia_Chordata_Aves_Anseriformes_Anatidae_Anas_acuta/3d595b7b-5a0c-4e71-aeff-b98c9b8b1871.jpg,500,375,Anas acuta,03191_Animalia_Chordata_Aves_Anseriformes_Anatidae_Anas_acuta
train_mini,1212634,3191,train_mini/03191_Animalia_Chordata_Aves_Anseriformes_Anatidae_Anas_acuta/05b2d0bf-3bfb-4197-9bd7-6e5fe38f2041.jpg,500,334,Anas acuta,03191_Animalia_Chordata_Aves_Anseriformes_Anatidae_Anas_acuta
train_mini,1233428,3191,train_mini/03191_Animalia_Chordata_Aves_Anseriformes_Anatidae_Anas_acuta/9ae38060-eac5-49ea-b223-95426a38aa2f.jpg,500,415,Anas acuta,03191_Animalia_Chordata_Aves_Anseriformes_Anatidae_Anas_acuta
train_mini,1241704,3191,train_mini/03191_Animalia_Chordata_Aves_Anseriformes_Anatidae_Anas_acuta/571871ef-8232-451a-8f9b-543fbc99dabd.jpg,500,227,Anas acuta,03191_Animalia_Chordata_Aves_Anseriformes_Anatidae_Anas_acuta
train_mini,1245123,3191,train_mini/03191_Animalia_Chordata_Aves_Anseriformes_Anatidae_Anas_acuta/93813a0f-00fb-43d5-8e5a-b7d4b1261806.jpg,375,500,Anas acuta,03191_Animalia_Chordata_Aves_Anseriformes_Anatidae_Anas_acuta
train_mini,1245810,3191,train_mini/03191_Animalia_Chordata_Aves_Anseriformes_Anatidae_Anas_acuta/ba924dfe-da50-4e7a-8f0c-3b348f3fb628.jpg,500,327,Anas acuta,03191_Animalia_Chordata_Aves_Anseriformes_Anatidae_Anas_acuta
train_mini,1283590,3191,train_mini/03191_Animalia_Chordata_Aves_Anseriformes_Anatidae_Anas_acuta/b5b1f625-d76f-4fbd-9925-8384cebfdc24.jpg,500,375,Anas acuta,03191_Animalia_Chordata_Aves_Anseriformes_Anatidae_Anas_acuta
train_mini,1334303,3191,train_mini/03191_Animalia_Chordata_Aves_Anseriformes_Anatidae_Anas_acuta/c37fdf1d-677f-4569-a7ca-0cb32242e537.jpg,500,348,Anas acuta,03191_Animalia_Chordata_Aves_Anseriformes_Anatidae_Anas_acuta
train_mini,1342794,3191,train_mini/03191_Animalia_Chordata_Aves_Anseriformes_Anatidae_Anas_acuta/052a0f8e-e1a1-4d5f-b914-bdfb8cc9c21c.jpg,500,356,Anas acuta,03191_Animalia_Chordata_Aves_Anseriformes_Anatidae_Anas_acuta
train_mini,1391786,3191,train_mini/03191_Animalia_Chordata_Aves_Anseriformes_Anatidae_Anas_acuta/b77875e6-0757-4c9a-be1b-5eca3386915c.jpg,500,333,Anas acuta,03191_Animalia_Chordata_Aves_Anseriformes_Anatidae_Anas_acuta
train_mini,1402150,3191,train_mini/03191_Animalia_Chordata_Aves_Anseriformes_Anatidae_Anas_acuta/ab27cd45-1cb6-429f-a994-eb6a44b0cc49.jpg,500,333,Anas acuta,03191_Animalia_Chordata_Aves_Anseriformes_Anatidae_Anas_acuta
train_mini,1524291,3191,train_mini/03191_Animalia_Chordata_Aves_Anseriformes_Anatidae_Anas_acuta/130424b3-e7c4-4190-b455-7f0bd1854d36.jpg,500,333,Anas acuta,03191_Animalia_Chordata_Aves_Anseriformes_Anatidae_Anas_acuta
train_mini,1563052,3191,train_mini/03191_Animalia_Chordata_Aves_Anseriformes_Anatidae_Anas_acuta/909c2ef5-5317-4f5e-bf9b-aa2f001bd97b.jpg,500,329,Anas acuta,03191_Animalia_Chordata_Aves_Anseriformes_Anatidae_Anas_acuta
train_mini,1567182,3191,train_mini/03191_Animalia_Chordata_Aves_Anseriformes_Anatidae_Anas_acuta/e258b162-c453-4073-b3ac-074ccbc71c46.jpg,500,333,Anas acuta,03191_Animalia_Chordata_Aves_Anseriformes_Anatidae_Anas_acuta
train_mini,1990079,3191,train_mini/03191_Animalia_Chordata_Aves_Anseriformes_Anatidae_Anas_acuta/791e25e6-0054-46d4-9a8d-76b4067d496c.jpg,500,354,Anas acuta,03191_Animalia_Chordata_Aves_Anseriformes_Anatidae_Anas_acuta
train_mini,2354932,3191,train_mini/03191_Animalia_Chordata_Aves_Anseriformes_Anatidae_Anas_acuta/6a3d96e6-9eaf-40ff-b030-975d19728139.jpg,500,281,Anas acuta,03191_Animalia_Chordata_Aves_Anseriformes_Anatidae_Anas_acuta
train_mini,2393314,3191,train_mini/03191_Animalia_Chordata_Aves_Anseriformes_Anatidae_Anas_acuta/dd933e32-dc89-4789-94f7-cb37ecf77121.jpg,500,329,Anas acuta,03191_Animalia_Chordata_Aves_Anseriformes_Anatidae_Anas_acuta
train_mini,2397525,3191,train_mini/03191_Animalia_Chordata_Aves_Anseriformes_Anatidae_Anas_acuta/739f1a4c-c779-46a5-a1f1-1d43225e11dc.jpg,333,500,Anas acuta,03191_Animalia_Chordata_Aves_Anseriformes_Anatidae_Anas_acuta
train_mini,2406516,3191,train_mini/03191_Animalia_Chordata_Aves_Anseriformes_Anatidae_Anas_acuta/094c86a7-a045-4910-b6af-c2b206db9a5c.jpg,500,375,Anas acuta,03191_Animalia_Chordata_Aves_Anseriformes_Anatidae_Anas_acuta
train_mini,2415390,3191,train_mini/03191_Animalia_Chordata_Aves_Anseriformes_Anatidae_Anas_acuta/e5ed02bd-38ed-49dc-9225-3569ea3b511d.jpg,500,387,Anas acuta,03191_Animalia_Chordata_Aves_Anseriformes_Anatidae_Anas_acuta
train_mini,2423043,3191,train_mini/03191_Animalia_Chordata_Aves_Anseriformes_Anatidae_Anas_acuta/7c9352c8-28f5-481f-a9fd-9e116991f298.jpg,500,333,Anas acuta,03191_Animalia_Chordata_Aves_Anseriformes_Anatidae_Anas_acuta
train_mini,2436648,3191,train_mini/03191_Animalia_Chordata_Aves_Anseriformes_Anatidae_Anas_acuta/e0f181e6-cbc6-44c1-bdbc-941ffab6e62c.jpg,500,355,Anas acuta,03191_Animalia_Chordata_Aves_Anseriformes_Anatidae_Anas_acuta
train_mini,2459643,3191,train_mini/03191_Animalia_Chordata_Aves_Anseriformes_Anatidae_Anas_acuta/736528a2-e6ee-471f-af70-65e0f1edc7b5.jpg,500,286,Anas acuta,03191_Animalia_Chordata_Aves_Anseriformes_Anatidae_Anas_acuta
train_mini,2467572,3191,train_mini/03191_Animalia_Chordata_Aves_Anseriformes_Anatidae_Anas_acuta/8124cc02-bb1f-43fa-bc83-736c73643f59.jpg,500,400,Anas acuta,03191_Animalia_Chordata_Aves_Anseriformes_Anatidae_Anas_acuta
train_mini,2568590,3191,train_mini/03191_Animalia_Chordata_Aves_Anseriformes_Anatidae_Anas_acuta/796d62c3-1c42-4df7-96a8-1b91e6f11d5a.jpg,500,343,Anas acuta,03191_Animalia_Chordata_Aves_Anseriformes_Anatidae_Anas_acuta
train_mini,2631477,3191,train_mini/03191_Animalia_Chordata_Aves_Anseriformes_Anatidae_Anas_acuta/3eb932ab-629e-4127-a854-653619e03999.jpg,500,337,Anas acuta,03191_Animalia_Chordata_Aves_Anseriformes_Anatidae_Anas_acuta
train_mini,2644453,3191,train_mini/03191_Animalia_Chordata_Aves_Anseriformes_Anatidae_Anas_acuta/ca87f543-35ff-4957-9733-b6e1f6be195b.jpg,500,333,Anas acuta,03191_Animalia_Chordata_Aves_Anseriformes_Anatidae_Anas_acuta
train_mini,4734,3298,train_mini/03298_Animalia_Chordata_Aves_Caprimulgiformes_Trochilidae_Amazilia_beryllina/28a2b176-d7be-42e9-8439-dd24e673e87a.jpg,500,333,Amazilia beryllina,03298_Animalia_Chordata_Aves_Caprimulgiformes_Trochilidae_Amazilia_beryllina
train_mini,14410,3298,train_mini/03298_Animalia_Chordata_Aves_Caprimulgiformes_Trochilidae_Amazilia_beryllina/8b400d0c-3273-4a97-9221-f2d057d74515.jpg,500,333,Amazilia beryllina,03298_Animalia_Chordata_Aves_Caprimulgiformes_Trochilidae_Amazilia_beryllina
train_mini,53833,3298,train_mini/03298_Animalia_Chordata_Aves_Caprimulgiformes_Trochilidae_Amazilia_beryllina/1278f67d-2482-4f73-a880-2eecf9b56256.jpg,500,375,Amazilia beryllina,03298_Animalia_Chordata_Aves_Caprimulgiformes_Trochilidae_Amazilia_beryllina
train_mini,93864,3298,train_mini/03298_Animalia_Chordata_Aves_Caprimulgiformes_Trochilidae_Amazilia_beryllina/17dcb380-1a9c-4f43-8e20-f42ebdda6d82.jpg,500,375,Amazilia beryllina,03298_Animalia_Chordata_Aves_Caprimulgiformes_Trochilidae_Amazilia_beryllina
train_mini,123794,3298,train_mini/03298_Animalia_Chordata_Aves_Caprimulgiformes_Trochilidae_Amazilia_beryllina/f1c89251-2521-43a4-84c8-9e326441181f.jpg,500,333,Amazilia beryllina,03298_Animalia_Chordata_Aves_Caprimulgiformes_Trochilidae_Amazilia_beryllina
train_mini,149805,3298,train_mini/03298_Animalia_Chordata_Aves_Caprimulgiformes_Trochilidae_Amazilia_beryllina/5b36dabf-1944-4167-b15b-f0fd11a28e28.jpg,449,500,Amazilia beryllina,03298_Animalia_Chordata_Aves_Caprimulgiformes_Trochilidae_Amazilia_beryllina
train_mini,158704,3298,train_mini/03298_Animalia_Chordata_Aves_Caprimulgiformes_Trochilidae_Amazilia_beryllina/a6fefda5-5dfa-4711-8c19-a96f77ed0e67.jpg,500,333,Amazilia beryllina,03298_Animalia_Chordata_Aves_Caprimulgiformes_Trochilidae_Amazilia_beryllina
train_mini,223850,3298,train_mini/03298_Animalia_Chordata_Aves_Caprimulgiformes_Trochilidae_Amazilia_beryllina/89c96394-99c4-4b07-8f44-78dece641bf2.jpg,500,333,Amazilia beryllina,03298_Animalia_Chordata_Aves_Caprimulgiformes_Trochilidae_Amazilia_beryllina
train_mini,263202,3298,train_mini/03298_Animalia_Chordata_Aves_Caprimulgiformes_Trochilidae_Amazilia_beryllina/64a65e63-9ad0-4362-b0fd-9c3926594aee.jpg,500,375,Amazilia beryllina,03298_Animalia_Chordata_Aves_Caprimulgiformes_Trochilidae_Amazilia_beryllina
train_mini,267905,3298,train_mini/03298_Animalia_Chordata_Aves_Caprimulgiformes_Trochilidae_Amazilia_beryllina/a6e56b6d-5f6d-4115-9ac0-cfc37307774e.jpg,500,375,Amazilia beryllina,03298_Animalia_Chordata_Aves_Caprimulgiformes_Trochilidae_Amazilia_beryllina
train_mini,291619,3298,train_mini/03298_Animalia_Chordata_Aves_Caprimulgiformes_Trochilidae_Amazilia_beryllina/e51964ea-c620-41fb-9034-848aba38a706.jpg,359,500,Amazilia beryllina,03298_Animalia_Chordata_Aves_Caprimulgiformes_Trochilidae_Amazilia_beryllina
train_mini,314395,3298,train_mini/03298_Animalia_Chordata_Aves_Caprimulgiformes_Trochilidae_Amazilia_beryllina/01e3ec21-954e-4f70-8827-07afb959f169.jpg,500,281,Amazilia beryllina,03298_Animalia_Chordata_Aves_Caprimulgiformes_Trochilidae_Amazilia_beryllina
train_mini,327026,3298,train_mini/03298_Animalia_Chordata_Aves_Caprimulgiformes_Trochilidae_Amazilia_beryllina/50ab5c18-95b1-4111-b07b-9c8556529f8e.jpg,500,375,Amazilia beryllina,03298_Animalia_Chordata_Aves_Caprimulgiformes_Trochilidae_Amazilia_beryllina
train_mini,382717,3298,train_mini/03298_Animalia_Chordata_Aves_Caprimulgiformes_Trochilidae_Amazilia_beryllina/2a121470-4fc8-462b-b85b-a4a6449540ec.jpg,500,351,Amazilia beryllina,03298_Animalia_Chordata_Aves_Caprimulgiformes_Trochilidae_Amazilia_beryllina
train_mini,445687,3298,train_mini/03298_Animalia_Chordata_Aves_Caprimulgiformes_Trochilidae_Amazilia_beryllina/73a115d4-2760-48d7-9d41-218cfc2969d1.jpg,333,500,Amazilia beryllina,03298_Animalia_Chordata_Aves_Caprimulgiformes_Trochilidae_Amazilia_beryllina
train_mini,452439,3298,train_mini/03298_Animalia_Chordata_Aves_Caprimulgiformes_Trochilidae_Amazilia_beryllina/4c2bf4a4-48a0-44c9-8699-71c3dde272cc.jpg,500,375,Amazilia beryllina,03298_Animalia_Chordata_Aves_Caprimulgiformes_Trochilidae_Amazilia_beryllina
train_mini,469638,3298,train_mini/03298_Animalia_Chordata_Aves_Caprimulgiformes_Trochilidae_Amazilia_beryllina/2b8575fe-ccb7-4022-8b61-b01485ff4ff9.jpg,281,500,Amazilia beryllina,03298_Animalia_Chordata_Aves_Caprimulgiformes_Trochilidae_Amazilia_beryllina
train_mini,534757,3298,train_mini/03298_Animalia_Chordata_Aves_Caprimulgiformes_Trochilidae_Amazilia_beryllina/144e4fa8-e3e4-4464-87ff-a23777d1e3d4.jpg,500,354,Amazilia beryllina,03298_Animalia_Chordata_Aves_Caprimulgiformes_Trochilidae_Amazilia_beryllina
train_mini,641753,3298,train_mini/03298_Animalia_Chordata_Aves_Caprimulgiformes_Trochilidae_Amazilia_beryllina/d5d7f57c-804c-48f5-b93d-3881bb1a3597.jpg,375,500,Amazilia beryllina,03298_Animalia_Chordata_Aves_Caprimulgiformes_Trochilidae_Amazilia_beryllina
train_mini,646061,3298,train_mini/03298_Animalia_Chordata_Aves_Caprimulgiformes_Trochilidae_Amazilia_beryllina/eb460a11-c93a-4d18-8452-d8b52f170531.jpg,500,301,Amazilia beryllina,03298_Animalia_Chordata_Aves_Caprimulgiformes_Trochilidae_Amazilia_beryllina
train_mini,655027,3298,train_mini/03298_Animalia_Chordata_Aves_Caprimulgiformes_Trochilidae_Amazilia_beryllina/52ad40df-a6b3-4559-8dd1-7732f9b09f36.jpg,500,281,Amazilia beryllina,03298_Animalia_Chordata_Aves_Caprimulgiformes_Trochilidae_Amazilia_beryllina
train_mini,655690,3298,train_mini/03298_Animalia_Chordata_Aves_Caprimulgiformes_Trochilidae_Amazilia_beryllina/1e799cbb-148d-4165-9cda-6457dd5d3969.jpg,500,375,Amazilia beryllina,03298_Animalia_Chordata_Aves_Caprimulgiformes_Trochilidae_Amazilia_beryllina
train_mini,655774,3298,train_mini/03298_Animalia_Chordata_Aves_Caprimulgiformes_Trochilidae_Amazilia_beryllina/418d3f4c-abd5-4924-a40f-80f203119100.jpg,500,333,Amazilia beryllina,03298_Animalia_Chordata_Aves_Caprimulgiformes_Trochilidae_Amazilia_beryllina
train_mini,664201,3298,train_mini/03298_Animalia_Chordata_Aves_Caprimulgiformes_Trochilidae_Amazilia_beryllina/0348f30d-d7ff-4139-8eaa-88b368bc6c19.jpg,291,500,Amazilia beryllina,03298_Animalia_Chordata_Aves_Caprimulgiformes_Trochilidae_Amazilia_beryllina
train_mini,677321,3298,train_mini/03298_Animalia_Chordata_Aves_Caprimulgiformes_Trochilidae_Amazilia_beryllina/ca8c51eb-288f-4ad9-97ed-05ebb6f5d004.jpg,500,375,Amazilia beryllina,03298_Animalia_Chordata_Aves_Caprimulgiformes_Trochilidae_Amazilia_beryllina
train_mini,890473,3298,train_mini/03298_Animalia_Chordata_Aves_Caprimulgiformes_Trochilidae_Amazilia_beryllina/bb0acea9-ab94-42f8-8e0d-31189b43ae50.jpg,500,375,Amazilia beryllina,03298_Animalia_Chordata_Aves_Caprimulgiformes_Trochilidae_Amazilia_beryllina
train_mini,906431,3298,train_mini/03298_Animalia_Chordata_Aves_Caprimulgiformes_Trochilidae_Amazilia_beryllina/b943b0b6-9dd3-40ce-b449-7abbac77b08c.jpg,500,500,Amazilia beryllina,03298_Animalia_Chordata_Aves_Caprimulgiformes_Trochilidae_Amazilia_beryllina
train_mini,938232,3298,train_mini/03298_Animalia_Chordata_Aves_Caprimulgiformes_Trochilidae_Amazilia_beryllina/319d6ea8-1174-44c3-bc33-731aaa1e338a.jpg,500,375,Amazilia beryllina,03298_Animalia_Chordata_Aves_Caprimulgiformes_Trochilidae_Amazilia_beryllina
train_mini,1034756,3298,train_mini/03298_Animalia_Chordata_Aves_Caprimulgiformes_Trochilidae_Amazilia_beryllina/93439770-9e1b-4f8f-b71b-e731dbf0eb71.jpg,500,333,Amazilia beryllina,03298_Animalia_Chordata_Aves_Caprimulgiformes_Trochilidae_Amazilia_beryllina
train_mini,1161305,3298,train_mini/03298_Animalia_Chordata_Aves_Caprimulgiformes_Trochilidae_Amazilia_beryllina/68b6d9cc-8b84-488d-b249-f6d8e37864eb.jpg,500,363,Amazilia beryllina,03298_Animalia_Chordata_Aves_Caprimulgiformes_Trochilidae_Amazilia_beryllina
train_mini,1232918,3298,train_mini/03298_Animalia_Chordata_Aves_Caprimulgiformes_Trochilidae_Amazilia_beryllina/f4829d5a-cf47-449c-bbc0-0413b9d11315.jpg,500,375,Amazilia beryllina,03298_Animalia_Chordata_Aves_Caprimulgiformes_Trochilidae_Amazilia_beryllina
train_mini,1295115,3298,train_mini/03298_Animalia_Chordata_Aves_Caprimulgiformes_Trochilidae_Amazilia_beryllina/0bdeb008-8be4-4bbe-aab0-d6e8a6daf27c.jpg,500,333,Amazilia beryllina,03298_Animalia_Chordata_Aves_Caprimulgiformes_Trochilidae_Amazilia_beryllina
train_mini,1330426,3298,train_mini/03298_Animalia_Chordata_Aves_Caprimulgiformes_Trochilidae_Amazilia_beryllina/18d0cb03-c4a3-4cb2-a022-f949cd3e52f6.jpg,500,333,Amazilia beryllina,03298_Animalia_Chordata_Aves_Caprimulgiformes_Trochilidae_Amazilia_beryllina
train_mini,1342960,3298,train_mini/03298_Animalia_Chordata_Aves_Caprimulgiformes_Trochilidae_Amazilia_beryllina/e7d36996-2241-4b56-8ae3-7f7f85146d1a.jpg,500,333,Amazilia beryllina,03298_Animalia_Chordata_Aves_Caprimulgiformes_Trochilidae_Amazilia_beryllina
train_mini,1497080,3298,train_mini/03298_Animalia_Chordata_Aves_Caprimulgiformes_Trochilidae_Amazilia_beryllina/7def240a-116f-4bbb-91af-f37c6158881b.jpg,500,375,Amazilia beryllina,03298_Animalia_Chordata_Aves_Caprimulgiformes_Trochilidae_Amazilia_beryllina
train_mini,1628656,3298,train_mini/03298_Animalia_Chordata_Aves_Caprimulgiformes_Trochilidae_Amazilia_beryllina/7378b71c-388b-40e4-8374-0f9e8b5d2ac6.jpg,500,333,Amazilia beryllina,03298_Animalia_Chordata_Aves_Caprimulgiformes_Trochilidae_Amazilia_beryllina
train_mini,1637668,3298,train_mini/03298_Animalia_Chordata_Aves_Caprimulgiformes_Trochilidae_Amazilia_beryllina/7bc101af-0f2e-4567-a2a1-37c27927bef2.jpg,500,333,Amazilia beryllina,03298_Animalia_Chordata_Aves_Caprimulgiformes_Trochilidae_Amazilia_beryllina
train_mini,1673204,3298,train_mini/03298_Animalia_Chordata_Aves_Caprimulgiformes_Trochilidae_Amazilia_beryllina/7211aa3e-a5d5-4eef-b7ee-26c61777cf65.jpg,500,475,Amazilia beryllina,03298_Animalia_Chordata_Aves_Caprimulgiformes_Trochilidae_Amazilia_beryllina
train_mini,1716722,3298,train_mini/03298_Animalia_Chordata_Aves_Caprimulgiformes_Trochilidae_Amazilia_beryllina/14728cd0-d61c-4f81-b3ed-b9a9e1822151.jpg,500,333,Amazilia beryllina,03298_Animalia_Chordata_Aves_Caprimulgiformes_Trochilidae_Amazilia_beryllina
train_mini,1743530,3298,train_mini/03298_Animalia_Chordata_Aves_Caprimulgiformes_Trochilidae_Amazilia_beryllina/a800df5f-07c3-4d72-ad54-ce47898cbd54.jpg,500,333,Amazilia beryllina,03298_Animalia_Chordata_Aves_Caprimulgiformes_Trochilidae_Amazilia_beryllina
train_mini,1893444,3298,train_mini/03298_Animalia_Chordata_Aves_Caprimulgiformes_Trochilidae_Amazilia_beryllina/1a46b1ac-3c46-4d54-acbf-ebac3efecbf0.jpg,500,421,Amazilia beryllina,03298_Animalia_Chordata_Aves_Caprimulgiformes_Trochilidae_Amazilia_beryllina
train_mini,2177796,3298,train_mini/03298_Animalia_Chordata_Aves_Caprimulgiformes_Trochilidae_Amazilia_beryllina/cc097c0b-c70c-4383-acdf-f7affdc73ea5.jpg,473,500,Amazilia beryllina,03298_Animalia_Chordata_Aves_Caprimulgiformes_Trochilidae_Amazilia_beryllina
train_mini,2183907,3298,train_mini/03298_Animalia_Chordata_Aves_Caprimulgiformes_Trochilidae_Amazilia_beryllina/4cefba3c-f1b6-4c86-8368-101b0d086e54.jpg,500,375,Amazilia beryllina,03298_Animalia_Chordata_Aves_Caprimulgiformes_Trochilidae_Amazilia_beryllina
train_mini,2301265,3298,train_mini/03298_Animalia_Chordata_Aves_Caprimulgiformes_Trochilidae_Amazilia_beryllina/0ee1855e-fa01-43a9-87da-698e82e937cd.jpg,500,333,Amazilia beryllina,03298_Animalia_Chordata_Aves_Caprimulgiformes_Trochilidae_Amazilia_beryllina
train_mini,2363635,3298,train_mini/03298_Animalia_Chordata_Aves_Caprimulgiformes_Trochilidae_Amazilia_beryllina/5f2f66e7-4f3c-4302-b21b-661982a9a08f.jpg,500,375,Amazilia beryllina,03298_Animalia_Chordata_Aves_Caprimulgiformes_Trochilidae_Amazilia_beryllina
train_mini,2395091,3298,train_mini/03298_Animalia_Chordata_Aves_Caprimulgiformes_Trochilidae_Amazilia_beryllina/65db4a72-be82-4c0d-93dd-00fa443c2f30.jpg,500,375,Amazilia beryllina,03298_Animalia_Chordata_Aves_Caprimulgiformes_Trochilidae_Amazilia_beryllina
train_mini,2411064,3298,train_mini/03298_Animalia_Chordata_Aves_Caprimulgiformes_Trochilidae_Amazilia_beryllina/179c197d-1310-4624-9e15-c3b752ff884d.jpg,500,333,Amazilia beryllina,03298_Animalia_Chordata_Aves_Caprimulgiformes_Trochilidae_Amazilia_beryllina
train_mini,2423143,3298,train_mini/03298_Animalia_Chordata_Aves_Caprimulgiformes_Trochilidae_Amazilia_beryllina/be672803-9691-41e5-b3dd-8f4ae96473e2.jpg,500,327,Amazilia beryllina,03298_Animalia_Chordata_Aves_Caprimulgiformes_Trochilidae_Amazilia_beryllina
train_mini,2640553,3298,train_mini/03298_Animalia_Chordata_Aves_Caprimulgiformes_Trochilidae_Amazilia_beryllina/e2947e1f-6fcc-4b18-b3fa-a4ad857d30b4.jpg,500,375,Amazilia beryllina,03298_Animalia_Chordata_Aves_Caprimulgiformes_Trochilidae_Amazilia_beryllina
train_mini,2656999,3298,train_mini/03298_Animalia_Chordata_Aves_Caprimulgiformes_Trochilidae_Amazilia_beryllina/b47de1c4-0b3d-415f-aa20-fdc42c2dbad7.jpg,500,433,Amazilia beryllina,03298_Animalia_Chordata_Aves_Caprimulgiformes_Trochilidae_Amazilia_beryllina
train_mini,294528,3682,train_mini/03682_Animalia_Chordata_Aves_Passeriformes_Acrocephalidae_Acrocephalus_arundinaceus/d5adb09c-dc2d-4773-ab9f-3ebbdd2b6364.jpg,464,500,Acrocephalus arundinaceus,03682_Animalia_Chordata_Aves_Passeriformes_Acrocephalidae_Acrocephalus_arundinaceus
train_mini,397474,3682,train_mini/03682_Animalia_Chordata_Aves_Passeriformes_Acrocephalidae_Acrocephalus_arundinaceus/93383b34-8555-40a7-b7ce-e0148b7642d0.jpg,500,375,Acrocephalus arundinaceus,03682_Animalia_Chordata_Aves_Passeriformes_Acrocephalidae_Acrocephalus_arundinaceus
train_mini,421332,3682,train_mini/03682_Animalia_Chordata_Aves_Passeriformes_Acrocephalidae_Acrocephalus_arundinaceus/8c3ea3d6-a622-48e0-854d-c8c5dab7a22a.jpg,500,333,Acrocephalus arundinaceus,03682_Animalia_Chordata_Aves_Passeriformes_Acrocephalidae_Acrocephalus_arundinaceus
train_mini,431920,3682,train_mini/03682_Animalia_Chordata_Aves_Passeriformes_Acrocephalidae_Acrocephalus_arundinaceus/ec089781-9a70-4185-9810-5552733a7d9a.jpg,500,405,Acrocephalus arundinaceus,03682_Animalia_Chordata_Aves_Passeriformes_Acrocephalidae_Acrocephalus_arundinaceus
train_mini,515321,3682,train_mini/03682_Animalia_Chordata_Aves_Passeriformes_Acrocephalidae_Acrocephalus_arundinaceus/6c695dcb-1314-40f9-8a57-5da1eab089ad.jpg,500,333,Acrocephalus arundinaceus,03682_Animalia_Chordata_Aves_Passeriformes_Acrocephalidae_Acrocephalus_arundinaceus
train_mini,520298,3682,train_mini/03682_Animalia_Chordata_Aves_Passeriformes_Acrocephalidae_Acrocephalus_arundinaceus/d03fcdd6-59dc-4ec6-8fff-b44733179f3a.jpg,500,331,Acrocephalus arundinaceus,03682_Animalia_Chordata_Aves_Passeriformes_Acrocephalidae_Acrocephalus_arundinaceus
train_mini,588806,3682,train_mini/03682_Animalia_Chordata_Aves_Passeriformes_Acrocephalidae_Acrocephalus_arundinaceus/7f45c03d-8534-4804-95a0-a77cbb4df194.jpg,500,375,Acrocephalus arundinaceus,03682_Animalia_Chordata_Aves_Passeriformes_Acrocephalidae_Acrocephalus_arundinaceus
train_mini,886945,3682,train_mini/03682_Animalia_Chordata_Aves_Passeriformes_Acrocephalidae_Acrocephalus_arundinaceus/c18eb211-62ae-498d-87b4-1fc733f9ea2b.jpg,321,360,Acrocephalus arundinaceus,03682_Animalia_Chordata_Aves_Passeriformes_Acrocephalidae_Acrocephalus_arundinaceus
train_mini,917119,3682,train_mini/03682_Animalia_Chordata_Aves_Passeriformes_Acrocephalidae_Acrocephalus_arundinaceus/d5d203d0-0341-4c23-aeab-b47f25464a0f.jpg,500,326,Acrocephalus arundinaceus,03682_Animalia_Chordata_Aves_Passeriformes_Acrocephalidae_Acrocephalus_arundinaceus
train_mini,926735,3682,train_mini/03682_Animalia_Chordata_Aves_Passeriformes_Acrocephalidae_Acrocephalus_arundinaceus/d4ff4db6-3040-4cbc-b675-84ce1fe91552.jpg,500,462,Acrocephalus arundinaceus,03682_Animalia_Chordata_Aves_Passeriformes_Acrocephalidae_Acrocephalus_arundinaceus
train_mini,955229,3682,train_mini/03682_Animalia_Chordata_Aves_Passeriformes_Acrocephalidae_Acrocephalus_arundinaceus/50ca3976-d78f-44c8-8746-745e3ac76443.jpg,500,333,Acrocephalus arundinaceus,03682_Animalia_Chordata_Aves_Passeriformes_Acrocephalidae_Acrocephalus_arundinaceus
train_mini,1073340,3682,train_mini/03682_Animalia_Chordata_Aves_Passeriformes_Acrocephalidae_Acrocephalus_arundinaceus/3d18bb34-498b-4d79-b780-c5b3107ad4ed.jpg,500,400,Acrocephalus arundinaceus,03682_Animalia_Chordata_Aves_Passeriformes_Acrocephalidae_Acrocephalus_arundinaceus
train_mini,1124614,3682,train_mini/03682_Animalia_Chordata_Aves_Passeriformes_Acrocephalidae_Acrocephalus_arundinaceus/95c219b7-03df-48cd-92aa-736b931198bf.jpg,500,417,Acrocephalus arundinaceus,03682_Animalia_Chordata_Aves_Passeriformes_Acrocephalidae_Acrocephalus_arundinaceus
train_mini,1238843,3682,train_mini/03682_Animalia_Chordata_Aves_Passeriformes_Acrocephalidae_Acrocephalus_arundinaceus/30ded292-2efb-41d4-87fd-1396caecdae8.jpg,500,333,Acrocephalus arundinaceus,03682_Animalia_Chordata_Aves_Passeriformes_Acrocephalidae_Acrocephalus_arundinaceus
train_mini,1243846,3682,train_mini/03682_Animalia_Chordata_Aves_Passeriformes_Acrocephalidae_Acrocephalus_arundinaceus/2798197d-8208-4a57-a352-5c17e4e5bf51.jpg,500,375,Acrocephalus arundinaceus,03682_Animalia_Chordata_Aves_Passeriformes_Acrocephalidae_Acrocephalus_arundinaceus
train_mini,1250244,3682,train_mini/03682_Animalia_Chordata_Aves_Passeriformes_Acrocephalidae_Acrocephalus_arundinaceus/1f3caff2-e0db-43a9-b67e-4f36f3264cb5.jpg,500,375,Acrocephalus arundinaceus,03682_Animalia_Chordata_Aves_Passeriformes_Acrocephalidae_Acrocephalus_arundinaceus
train_mini,1268528,3682,train_mini/03682_Animalia_Chordata_Aves_Passeriformes_Acrocephalidae_Acrocephalus_arundinaceus/8b743122-9877-4a4f-a597-ab15285af0d5.jpg,500,397,Acrocephalus arundinaceus,03682_Animalia_Chordata_Aves_Passeriformes_Acrocephalidae_Acrocephalus_arundinaceus
train_mini,1280417,3682,train_mini/03682_Animalia_Chordata_Aves_Passeriformes_Acrocephalidae_Acrocephalus_arundinaceus/4926058c-850e-4cb7-bbee-fe7383911167.jpg,500,457,Acrocephalus arundinaceus,03682_Animalia_Chordata_Aves_Passeriformes_Acrocephalidae_Acrocephalus_arundinaceus
train_mini,1304975,3682,train_mini/03682_Animalia_Chordata_Aves_Passeriformes_Acrocephalidae_Acrocephalus_arundinaceus/b77f191e-5bb9-4703-a03b-7ef280a17ba9.jpg,500,419,Acrocephalus arundinaceus,03682_Animalia_Chordata_Aves_Passeriformes_Acrocephalidae_Acrocephalus_arundinaceus
train_mini,1376547,3682,train_mini/03682_Animalia_Chordata_Aves_Passeriformes_Acrocephalidae_Acrocephalus_arundinaceus/fdd15aea-14a1-4e6f-95d1-8edf0d606e58.jpg,500,348,Acrocephalus arundinaceus,03682_Animalia_Chordata_Aves_Passeriformes_Acrocephalidae_Acrocephalus_arundinaceus
train_mini,1490464,3682,train_mini/03682_Animalia_Chordata_Aves_Passeriformes_Acrocephalidae_Acrocephalus_arundinaceus/9b5e74d5-6fba-43ce-b017-d597424dd936.jpg,500,375,Acrocephalus arundinaceus,03682_Animalia_Chordata_Aves_Passeriformes_Acrocephalidae_Acrocephalus_arundinaceus
train_mini,1523931,3682,train_mini/03682_Animalia_Chordata_Aves_Passeriformes_Acrocephalidae_Acrocephalus_arundinaceus/e59f68dd-b208-4ecd-be84-fcaf8786f985.jpg,500,375,Acrocephalus arundinaceus,03682_Animalia_Chordata_Aves_Passeriformes_Acrocephalidae_Acrocephalus_arundinaceus
train_mini,1686022,3682,train_mini/03682_Animalia_Chordata_Aves_Passeriformes_Acrocephalidae_Acrocephalus_arundinaceus/228b9805-eef0-4615-80dc-5caa9ec82767.jpg,500,375,Acrocephalus arundinaceus,03682_Animalia_Chordata_Aves_Passeriformes_Acrocephalidae_Acrocephalus_arundinaceus
train_mini,1686807,3682,train_mini/03682_Animalia_Chordata_Aves_Passeriformes_Acrocephalidae_Acrocephalus_arundinaceus/d00a1964-c2d2-4a04-8307-464bdb279f95.jpg,500,375,Acrocephalus arundinaceus,03682_Animalia_Chordata_Aves_Passeriformes_Acrocephalidae_Acrocephalus_arundinaceus
train_mini,1775349,3682,train_mini/03682_Animalia_Chordata_Aves_Passeriformes_Acrocephalidae_Acrocephalus_arundinaceus/be5bbc15-4cbc-4504-b2ea-aaddf7a19c7f.jpg,445,500,Acrocephalus arundinaceus,03682_Animalia_Chordata_Aves_Passeriformes_Acrocephalidae_Acrocephalus_arundinaceus
train_mini,1810740,3682,train_mini/03682_Animalia_Chordata_Aves_Passeriformes_Acrocephalidae_Acrocephalus_arundinaceus/30b5a1bd-6776-4cb3-879d-587e442446a9.jpg,500,333,Acrocephalus arundinaceus,03682_Animalia_Chordata_Aves_Passeriformes_Acrocephalidae_Acrocephalus_arundinaceus
train_mini,1816707,3682,train_mini/03682_Animalia_Chordata_Aves_Passeriformes_Acrocephalidae_Acrocephalus_arundinaceus/74a65c1e-0aa9-4142-ad4f-efda0475056b.jpg,500,375,Acrocephalus arundinaceus,03682_Animalia_Chordata_Aves_Passeriformes_Acrocephalidae_Acrocephalus_arundinaceus
train_mini,1843824,3682,train_mini/03682_Animalia_Chordata_Aves_Passeriformes_Acrocephalidae_Acrocephalus_arundinaceus/e355d990-36a7-4ff1-83ec-aea66c32e3fd.jpg,500,343,Acrocephalus arundinaceus,03682_Animalia_Chordata_Aves_Passeriformes_Acrocephalidae_Acrocephalus_arundinaceus
train_mini,1856300,3682,train_mini/03682_Animalia_Chordata_Aves_Passeriformes_Acrocephalidae_Acrocephalus_arundinaceus/abb09a9b-521d-47c6-8613-e4f0410a7755.jpg,500,375,Acrocephalus arundinaceus,03682_Animalia_Chordata_Aves_Passeriformes_Acrocephalidae_Acrocephalus_arundinaceus
train_mini,1864462,3682,train_mini/03682_Animalia_Chordata_Aves_Passeriformes_Acrocephalidae_Acrocephalus_arundinaceus/44922b29-eec2-4722-9fd9-9d41b0a74e6c.jpg,500,375,Acrocephalus arundinaceus,03682_Animalia_Chordata_Aves_Passeriformes_Acrocephalidae_Acrocephalus_arundinaceus
train_mini,1891430,3682,train_mini/03682_Animalia_Chordata_Aves_Passeriformes_Acrocephalidae_Acrocephalus_arundinaceus/cbaa42d0-6ae5-4c6f-ab58-8ef49103eab4.jpg,500,333,Acrocephalus arundinaceus,03682_Animalia_Chordata_Aves_Passeriformes_Acrocephalidae_Acrocephalus_arundinaceus
train_mini,1945939,3682,train_mini/03682_Animalia_Chordata_Aves_Passeriformes_Acrocephalidae_Acrocephalus_arundinaceus/d1c22ad3-f91b-4d11-bd02-b9f81195cfa9.jpg,500,462,Acrocephalus arundinaceus,03682_Animalia_Chordata_Aves_Passeriformes_Acrocephalidae_Acrocephalus_arundinaceus
train_mini,1979506,3682,train_mini/03682_Animalia_Chordata_Aves_Passeriformes_Acrocephalidae_Acrocephalus_arundinaceus/853f3513-3314-4c79-b225-787fe78a5be2.jpg,500,404,Acrocephalus arundinaceus,03682_Animalia_Chordata_Aves_Passeriformes_Acrocephalidae_Acrocephalus_arundinaceus
train_mini,1992083,3682,train_mini/03682_Animalia_Chordata_Aves_Passeriformes_Acrocephalidae_Acrocephalus_arundinaceus/9cc77223-ce24-4354-8b01-d12127b4f585.jpg,500,344,Acrocephalus arundinaceus,03682_Animalia_Chordata_Aves_Passeriformes_Acrocephalidae_Acrocephalus_arundinaceus
train_mini,2148589,3682,train_mini/03682_Animalia_Chordata_Aves_Passeriformes_Acrocephalidae_Acrocephalus_arundinaceus/07ef01b8-6b16-4cfe-8bd7-651317a34c31.jpg,282,500,Acrocephalus arundinaceus,03682_Animalia_Chordata_Aves_Passeriformes_Acrocephalidae_Acrocephalus_arundinaceus
train_mini,2345126,3682,train_mini/03682_Animalia_Chordata_Aves_Passeriformes_Acrocephalidae_Acrocephalus_arundinaceus/d98f0263-bc68-43a9-8a20-b1834587e5d8.jpg,500,375,Acrocephalus arundinaceus,03682_Animalia_Chordata_Aves_Passeriformes_Acrocephalidae_Acrocephalus_arundinaceus
train_mini,2402684,3682,train_mini/03682_Animalia_Chordata_Aves_Passeriformes_Acrocephalidae_Acrocephalus_arundinaceus/eb1f328e-87b9-4004-95bc-7354cbc774ce.jpg,500,334,Acrocephalus arundinaceus,03682_Animalia_Chordata_Aves_Passeriformes_Acrocephalidae_Acrocephalus_arundinaceus
train_mini,2446447,3682,train_mini/03682_Animalia_Chordata_Aves_Passeriformes_Acrocephalidae_Acrocephalus_arundinaceus/cd4a87ab-6101-4140-91a9-4f9cbcffcb95.jpg,500,375,Acrocephalus arundinaceus,03682_Animalia_Chordata_Aves_Passeriformes_Acrocephalidae_Acrocephalus_arundinaceus
train_mini,2473494,3682,train_mini/03682_Animalia_Chordata_Aves_Passeriformes_Acrocephalidae_Acrocephalus_arundinaceus/3c2cb5e4-7d33-4ea3-92bf-de9e969320c2.jpg,500,375,Acrocephalus arundinaceus,03682_Animalia_Chordata_Aves_Passeriformes_Acrocephalidae_Acrocephalus_arundinaceus
train_mini,2490212,3682,train_mini/03682_Animalia_Chordata_Aves_Passeriformes_Acrocephalidae_Acrocephalus_arundinaceus/38b5a72a-48aa-4ee2-90a3-b4d9a64844a5.jpg,500,375,Acrocephalus arundinaceus,03682_Animalia_Chordata_Aves_Passeriformes_Acrocephalidae_Acrocephalus_arundinaceus
train_mini,2503162,3682,train_mini/03682_Animalia_Chordata_Aves_Passeriformes_Acrocephalidae_Acrocephalus_arundinaceus/36b4b771-a8e3-46bf-96f2-51b5c1d2f1d9.jpg,500,333,Acrocephalus arundinaceus,03682_Animalia_Chordata_Aves_Passeriformes_Acrocephalidae_Acrocephalus_arundinaceus
train_mini,2526983,3682,train_mini/03682_Animalia_Chordata_Aves_Passeriformes_Acrocephalidae_Acrocephalus_arundinaceus/684d2c36-5601-444f-91b1-4ef5be683f5c.jpg,375,500,Acrocephalus arundinaceus,03682_Animalia_Chordata_Aves_Passeriformes_Acrocephalidae_Acrocephalus_arundinaceus
train_mini,2535654,3682,train_mini/03682_Animalia_Chordata_Aves_Passeriformes_Acrocephalidae_Acrocephalus_arundinaceus/dddc53a1-c81f-4daf-ad4a-307c01dca97c.jpg,500,375,Acrocephalus arundinaceus,03682_Animalia_Chordata_Aves_Passeriformes_Acrocephalidae_Acrocephalus_arundinaceus
train_mini,2546463,3682,train_mini/03682_Animalia_Chordata_Aves_Passeriformes_Acrocephalidae_Acrocephalus_arundinaceus/96ed7fe7-318f-4c21-ba1d-9ad59cdd1473.jpg,500,375,Acrocephalus arundinaceus,03682_Animalia_Chordata_Aves_Passeriformes_Acrocephalidae_Acrocephalus_arundinaceus
train_mini,2586317,3682,train_mini/03682_Animalia_Chordata_Aves_Passeriformes_Acrocephalidae_Acrocephalus_arundinaceus/61b39b30-86ab-42a2-9b88-a8df13b6c6bb.jpg,500,331,Acrocephalus arundinaceus,03682_Animalia_Chordata_Aves_Passeriformes_Acrocephalidae_Acrocephalus_arundinaceus
train_mini,2605625,3682,train_mini/03682_Animalia_Chordata_Aves_Passeriformes_Acrocephalidae_Acrocephalus_arundinaceus/3d745314-d8c1-4100-8a46-e981ce2eaadc.jpg,436,500,Acrocephalus arundinaceus,03682_Animalia_Chordata_Aves_Passeriformes_Acrocephalidae_Acrocephalus_arundinaceus
train_mini,2613041,3682,train_mini/03682_Animalia_Chordata_Aves_Passeriformes_Acrocephalidae_Acrocephalus_arundinaceus/5305b4e6-ace8-48a1-b284-0ebd0dd8c937.jpg,500,333,Acrocephalus arundinaceus,03682_Animalia_Chordata_Aves_Passeriformes_Acrocephalidae_Acrocephalus_arundinaceus
train_mini,2620511,3682,train_mini/03682_Animalia_Chordata_Aves_Passeriformes_Acrocephalidae_Acrocephalus_arundinaceus/40bab725-899e-4f4c-888a-e9719fee42e4.jpg,278,500,Acrocephalus arundinaceus,03682_Animalia_Chordata_Aves_Passeriformes_Acrocephalidae_Acrocephalus_arundinaceus
train_mini,2631877,3682,train_mini/03682_Animalia_Chordata_Aves_Passeriformes_Acrocephalidae_Acrocephalus_arundinaceus/ddc5b2d4-ee83-4654-b9d5-f78c016716b6.jpg,500,332,Acrocephalus arundinaceus,03682_Animalia_Chordata_Aves_Passeriformes_Acrocephalidae_Acrocephalus_arundinaceus
train_mini,2641955,3682,train_mini/03682_Animalia_Chordata_Aves_Passeriformes_Acrocephalidae_Acrocephalus_arundinaceus/5cefea85-9327-45d1-bb1b-7932ddf0f23b.jpg,338,500,Acrocephalus arundinaceus,03682_Animalia_Chordata_Aves_Passeriformes_Acrocephalidae_Acrocephalus_arundinaceus
train_mini,35138,5487,train_mini/05487_Fungi_Basidiomycota_Agaricomycetes_Agaricales_Amanitaceae_Amanita_augusta/6d5fb645-9543-4fcc-ae32-577aa75d04e7.jpg,375,500,Amanita augusta,05487_Fungi_Basidiomycota_Agaricomycetes_Agaricales_Amanitaceae_Amanita_augusta
train_mini,70997,5487,train_mini/05487_Fungi_Basidiomycota_Agaricomycetes_Agaricales_Amanitaceae_Amanita_augusta/3181cd2f-29b0-402b-b586-953783101667.jpg,500,447,Amanita augusta,05487_Fungi_Basidiomycota_Agaricomycetes_Agaricales_Amanitaceae_Amanita_augusta
train_mini,94581,5487,train_mini/05487_Fungi_Basidiomycota_Agaricomycetes_Agaricales_Amanitaceae_Amanita_augusta/7334be3b-784e-41ee-b0d5-35e0d006ad66.jpg,375,500,Amanita augusta,05487_Fungi_Basidiomycota_Agaricomycetes_Agaricales_Amanitaceae_Amanita_augusta
train_mini,252479,5487,train_mini/05487_Fungi_Basidiomycota_Agaricomycetes_Agaricales_Amanitaceae_Amanita_augusta/d53b2102-145f-40de-a310-e89860abda5c.jpg,500,500,Amanita augusta,05487_Fungi_Basidiomycota_Agaricomycetes_Agaricales_Amanitaceae_Amanita_augusta
train_mini,310222,5487,train_mini/05487_Fungi_Basidiomycota_Agaricomycetes_Agaricales_Amanitaceae_Amanita_augusta/228a3b95-20a5-4b34-8b2e-daa82e4130c8.jpg,375,500,Amanita augusta,05487_Fungi_Basidiomycota_Agaricomycetes_Agaricales_Amanitaceae_Amanita_augusta
train_mini,500601,5487,train_mini/05487_Fungi_Basidiomycota_Agaricomycetes_Agaricales_Amanitaceae_Amanita_augusta/ca59fac7-d7c1-461c-9bbb-bfab68e5ad60.jpg,500,375,Amanita augusta,05487_Fungi_Basidiomycota_Agaricomycetes_Agaricales_Amanitaceae_Amanita_augusta
train_mini,508967,5487,train_mini/05487_Fungi_Basidiomycota_Agaricomycetes_Agaricales_Amanitaceae_Amanita_augusta/29af18b9-a262-4b8f-aaa6-b7197b54dde9.jpg,375,500,Amanita augusta,05487_Fungi_Basidiomycota_Agaricomycetes_Agaricales_Amanitaceae_Amanita_augusta
train_mini,625123,5487,train_mini/05487_Fungi_Basidiomycota_Agaricomycetes_Agaricales_Amanitaceae_Amanita_augusta/1e65f976-a9cb-4b10-9bf2-08ba7646f941.jpg,500,375,Amanita augusta,05487_Fungi_Basidiomycota_Agaricomycetes_Agaricales_Amanitaceae_Amanita_augusta
train_mini,627795,5487,train_mini/05487_Fungi_Basidiomycota_Agaricomycetes_Agaricales_Amanitaceae_Amanita_augusta/568cf306-ec7a-4dba-b124-f217b1564552.jpg,375,500,Amanita augusta,05487_Fungi_Basidiomycota_Agaricomycetes_Agaricales_Amanitaceae_Amanita_augusta
train_mini,632967,5487,train_mini/05487_Fungi_Basidiomycota_Agaricomycetes_Agaricales_Amanitaceae_Amanita_augusta/be96b9c3-9ef5-4a55-bfe6-8225e4d7e42c.jpg,500,281,Amanita augusta,05487_Fungi_Basidiomycota_Agaricomycetes_Agaricales_Amanitaceae_Amanita_augusta
train_mini,644876,5487,train_mini/05487_Fungi_Basidiomycota_Agaricomycetes_Agaricales_Amanitaceae_Amanita_augusta/056a4f42-97a8-48fc-ad4c-21c893fdf24e.jpg,500,375,Amanita augusta,05487_Fungi_Basidiomycota_Agaricomycetes_Agaricales_Amanitaceae_Amanita_augusta
train_mini,649506,5487,train_mini/05487_Fungi_Basidiomycota_Agaricomycetes_Agaricales_Amanitaceae_Amanita_augusta/e7624f3a-3485-4641-9ccf-a8eebf6e75a9.jpg,500,375,Amanita augusta,05487_Fungi_Basidiomycota_Agaricomycetes_Agaricales_Amanitaceae_Amanita_augusta
train_mini,649514,5487,train_mini/05487_Fungi_Basidiomycota_Agaricomycetes_Agaricales_Amanitaceae_Amanita_augusta/7a0803e0-0c6a-4f78-9959-bc2a891238c4.jpg,500,332,Amanita augusta,05487_Fungi_Basidiomycota_Agaricomycetes_Agaricales_Amanitaceae_Amanita_augusta
train_mini,649589,5487,train_mini/05487_Fungi_Basidiomycota_Agaricomycetes_Agaricales_Amanitaceae_Amanita_augusta/81cce388-988e-43f7-b4f0-53bef1187bef.jpg,409,500,Amanita augusta,05487_Fungi_Basidiomycota_Agaricomycetes_Agaricales_Amanitaceae_Amanita_augusta
train_mini,651727,5487,train_mini/05487_Fungi_Basidiomycota_Agaricomycetes_Agaricales_Amanitaceae_Amanita_augusta/17f7d53e-b64d-41f2-b91c-249b1f3ed361.jpg,500,375,Amanita augusta,05487_Fungi_Basidiomycota_Agaricomycetes_Agaricales_Amanitaceae_Amanita_augusta
train_mini,659145,5487,train_mini/05487_Fungi_Basidiomycota_Agaricomycetes_Agaricales_Amanitaceae_Amanita_augusta/f1d88859-938e-48d7-966c-4b2d380d8eb4.jpg,375,500,Amanita augusta,05487_Fungi_Basidiomycota_Agaricomycetes_Agaricales_Amanitaceae_Amanita_augusta
train_mini,663679,5487,train_mini/05487_Fungi_Basidiomycota_Agaricomycetes_Agaricales_Amanitaceae_Amanita_augusta/581fac52-71db-4dd0-b9df-c67185442435.jpg,500,375,Amanita augusta,05487_Fungi_Basidiomycota_Agaricomycetes_Agaricales_Amanitaceae_Amanita_augusta
train_mini,671769,5487,train_mini/05487_Fungi_Basidiomycota_Agaricomycetes_Agaricales_Amanitaceae_Amanita_augusta/0fbcafe0-1e53-4d66-b943-8fbd4c4e5a9d.jpg,375,500,Amanita augusta,05487_Fungi_Basidiomycota_Agaricomycetes_Agaricales_Amanitaceae_Amanita_augusta
train_mini,673056,5487,train_mini/05487_Fungi_Basidiomycota_Agaricomycetes_Agaricales_Amanitaceae_Amanita_augusta/795aa4b6-5c41-4e0a-9cfa-8f8a35502057.jpg,500,375,Amanita augusta,05487_Fungi_Basidiomycota_Agaricomycetes_Agaricales_Amanitaceae_Amanita_augusta
train_mini,674858,5487,train_mini/05487_Fungi_Basidiomycota_Agaricomycetes_Agaricales_Amanitaceae_Amanita_augusta/3b8c236a-b3a6-48c1-b090-ecfef15e6156.jpg,375,500,Amanita augusta,05487_Fungi_Basidiomycota_Agaricomycetes_Agaricales_Amanitaceae_Amanita_augusta
train_mini,681529,5487,train_mini/05487_Fungi_Basidiomycota_Agaricomycetes_Agaricales_Amanitaceae_Amanita_augusta/841aec2e-da65-4920-bde3-70af647ebe6d.jpg,375,500,Amanita augusta,05487_Fungi_Basidiomycota_Agaricomycetes_Agaricales_Amanitaceae_Amanita_augusta
train_mini,681757,5487,train_mini/05487_Fungi_Basidiomycota_Agaricomycetes_Agaricales_Amanitaceae_Amanita_augusta/3f04d272-f00b-4027-9780-04a47fbec709.jpg,500,333,Amanita augusta,05487_Fungi_Basidiomycota_Agaricomycetes_Agaricales_Amanitaceae_Amanita_augusta
train_mini,736422,5487,train_mini/05487_Fungi_Basidiomycota_Agaricomycetes_Agaricales_Amanitaceae_Amanita_augusta/6b214d7c-40e9-445b-955a-15d540045739.jpg,500,375,Amanita augusta,05487_Fungi_Basidiomycota_Agaricomycetes_Agaricales_Amanitaceae_Amanita_augusta
train_mini,772322,5487,train_mini/05487_Fungi_Basidiomycota_Agaricomycetes_Agaricales_Amanitaceae_Amanita_augusta/1aeed58b-bca3-4675-9078-5de3c1a56902.jpg,500,375,Amanita augusta,05487_Fungi_Basidiomycota_Agaricomycetes_Agaricales_Amanitaceae_Amanita_augusta
train_mini,817475,5487,train_mini/05487_Fungi_Basidiomycota_Agaricomycetes_Agaricales_Amanitaceae_Amanita_augusta/6c91b539-7d05-4c5c-9b18-2541643c7ae3.jpg,375,500,Amanita augusta,05487_Fungi_Basidiomycota_Agaricomycetes_Agaricales_Amanitaceae_Amanita_augusta
train_mini,1092142,5487,train_mini/05487_Fungi_Basidiomycota_Agaricomycetes_Agaricales_Amanitaceae_Amanita_augusta/23724c61-7602-4590-b264-e64f00f2da0f.jpg,374,500,Amanita augusta,05487_Fungi_Basidiomycota_Agaricomycetes_Agaricales_Amanitaceae_Amanita_augusta
train_mini,1094220,5487,train_mini/05487_Fungi_Basidiomycota_Agaricomycetes_Agaricales_Amanitaceae_Amanita_augusta/790380d5-56f2-4325-8d6a-1f5318f79dbd.jpg,375,500,Amanita augusta,05487_Fungi_Basidiomycota_Agaricomycetes_Agaricales_Amanitaceae_Amanita_augusta
train_mini,1213055,5487,train_mini/05487_Fungi_Basidiomycota_Agaricomycetes_Agaricales_Amanitaceae_Amanita_augusta/93a18ad9-c90c-495e-8977-0869eb76bc48.jpg,375,500,Amanita augusta,05487_Fungi_Basidiomycota_Agaricomycetes_Agaricales_Amanitaceae_Amanita_augusta
train_mini,1217317,5487,train_mini/05487_Fungi_Basidiomycota_Agaricomycetes_Agaricales_Amanitaceae_Amanita_augusta/73fa3b0c-dac9-4e4b-bba7-a8141548f0c2.jpg,500,333,Amanita augusta,05487_Fungi_Basidiomycota_Agaricomycetes_Agaricales_Amanitaceae_Amanita_augusta
train_mini,1285361,5487,train_mini/05487_Fungi_Basidiomycota_Agaricomycetes_Agaricales_Amanitaceae_Amanita_augusta/f94cbc3e-7145-4345-997a-4068b3053a43.jpg,375,500,Amanita augusta,05487_Fungi_Basidiomycota_Agaricomycetes_Agaricales_Amanitaceae_Amanita_augusta
train_mini,1293645,5487,train_mini/05487_Fungi_Basidiomycota_Agaricomycetes_Agaricales_Amanitaceae_Amanita_augusta/4f88158d-8ae0-40d3-bd16-d5555da6425b.jpg,375,500,Amanita augusta,05487_Fungi_Basidiomycota_Agaricomycetes_Agaricales_Amanitaceae_Amanita_augusta
train_mini,1295358,5487,train_mini/05487_Fungi_Basidiomycota_Agaricomycetes_Agaricales_Amanitaceae_Amanita_augusta/eeda0e3c-2983-428c-8f0a-58e0ca4da342.jpg,375,500,Amanita augusta,05487_Fungi_Basidiomycota_Agaricomycetes_Agaricales_Amanitaceae_Amanita_augusta
train_mini,1309152,5487,train_mini/05487_Fungi_Basidiomycota_Agaricomycetes_Agaricales_Amanitaceae_Amanita_augusta/82702bae-1be4-4919-a9e7-e094775eff5a.jpg,281,500,Amanita augusta,05487_Fungi_Basidiomycota_Agaricomycetes_Agaricales_Amanitaceae_Amanita_augusta
train_mini,1324890,5487,train_mini/05487_Fungi_Basidiomycota_Agaricomycetes_Agaricales_Amanitaceae_Amanita_augusta/9e46060d-cfd1-4168-b62c-b251feb8a3a0.jpg,375,500,Amanita augusta,05487_Fungi_Basidiomycota_Agaricomycetes_Agaricales_Amanitaceae_Amanita_augusta
train_mini,1326670,5487,train_mini/05487_Fungi_Basidiomycota_Agaricomycetes_Agaricales_Amanitaceae_Amanita_augusta/669b84f8-c6a9-4398-a01e-60707e5cc08b.jpg,375,500,Amanita augusta,05487_Fungi_Basidiomycota_Agaricomycetes_Agaricales_Amanitaceae_Amanita_augusta
train_mini,1332437,5487,train_mini/05487_Fungi_Basidiomycota_Agaricomycetes_Agaricales_Amanitaceae_Amanita_augusta/f70319fa-ad41-4d51-b1e8-5e83343ddf38.jpg,375,500,Amanita augusta,05487_Fungi_Basidiomycota_Agaricomycetes_Agaricales_Amanitaceae_Amanita_augusta
train_mini,1365207,5487,train_mini/05487_Fungi_Basidiomycota_Agaricomycetes_Agaricales_Amanitaceae_Amanita_augusta/81e7fe3f-d836-4d3c-8150-0e480ff810d5.jpg,375,500,Amanita augusta,05487_Fungi_Basidiomycota_Agaricomycetes_Agaricales_Amanitaceae_Amanita_augusta
train_mini,1382273,5487,train_mini/05487_Fungi_Basidiomycota_Agaricomycetes_Agaricales_Amanitaceae_Amanita_augusta/c246019f-872d-4c98-b725-b10e01e78459.jpg,500,375,Amanita augusta,05487_Fungi_Basidiomycota_Agaricomycetes_Agaricales_Amanitaceae_Amanita_augusta
train_mini,1419999,5487,train_mini/05487_Fungi_Basidiomycota_Agaricomycetes_Agaricales_Amanitaceae_Amanita_augusta/3c57f65e-355e-48f9-94c0-312849ee532a.jpg,479,500,Amanita augusta,05487_Fungi_Basidiomycota_Agaricomycetes_Agaricales_Amanitaceae_Amanita_augusta
train_mini,1479704,5487,train_mini/05487_Fungi_Basidiomycota_Agaricomycetes_Agaricales_Amanitaceae_Amanita_augusta/7e53b927-0f56-48bd-8dc4-95a4de141d77.jpg,375,500,Amanita augusta,05487_Fungi_Basidiomycota_Agaricomycetes_Agaricales_Amanitaceae_Amanita_augusta
train_mini,1938999,5487,train_mini/05487_Fungi_Basidiomycota_Agaricomycetes_Agaricales_Amanitaceae_Amanita_augusta/0c444013-5701-42db-95a1-b53e1a0ce8a7.jpg,375,500,Amanita augusta,05487_Fungi_Basidiomycota_Agaricomycetes_Agaricales_Amanitaceae_Amanita_augusta
train_mini,2172136,5487,train_mini/05487_Fungi_Basidiomycota_Agaricomycetes_Agaricales_Amanitaceae_Amanita_augusta/cdb50c9d-4f2b-439c-bb53-6d2b78f3b78c.jpg,500,281,Amanita augusta,05487_Fungi_Basidiomycota_Agaricomycetes_Agaricales_Amanitaceae_Amanita_augusta
train_mini,2256170,5487,train_mini/05487_Fungi_Basidiomycota_Agaricomycetes_Agaricales_Amanitaceae_Amanita_augusta/0ec9081d-44ee-4f6e-aa21-37c995e7a7cd.jpg,375,500,Amanita augusta,05487_Fungi_Basidiomycota_Agaricomycetes_Agaricales_Amanitaceae_Amanita_augusta
train_mini,2264168,5487,train_mini/05487_Fungi_Basidiomycota_Agaricomycetes_Agaricales_Amanitaceae_Amanita_augusta/f61491d0-0a30-4ce7-9221-f149258c8b60.jpg,375,500,Amanita augusta,05487_Fungi_Basidiomycota_Agaricomycetes_Agaricales_Amanitaceae_Amanita_augusta
train_mini,2318035,5487,train_mini/05487_Fungi_Basidiomycota_Agaricomycetes_Agaricales_Amanitaceae_Amanita_augusta/596304ac-b9e6-43d5-9108-62a8e2fd8f74.jpg,361,500,Amanita augusta,05487_Fungi_Basidiomycota_Agaricomycetes_Agaricales_Amanitaceae_Amanita_augusta
train_mini,2370823,5487,train_mini/05487_Fungi_Basidiomycota_Agaricomycetes_Agaricales_Amanitaceae_Amanita_augusta/0004d16c-eafe-47e3-b1b7-df0becac6cee.jpg,375,500,Amanita augusta,05487_Fungi_Basidiomycota_Agaricomycetes_Agaricales_Amanitaceae_Amanita_augusta
train_mini,2473923,5487,train_mini/05487_Fungi_Basidiomycota_Agaricomycetes_Agaricales_Amanitaceae_Amanita_augusta/040ec78d-ca5b-49a4-9fb7-085af15f5e6f.jpg,500,375,Amanita augusta,05487_Fungi_Basidiomycota_Agaricomycetes_Agaricales_Amanitaceae_Amanita_augusta
train_mini,2569834,5487,train_mini/05487_Fungi_Basidiomycota_Agaricomycetes_Agaricales_Amanitaceae_Amanita_augusta/97a4f9c8-054b-4d46-9f2d-48ad2c673e26.jpg,500,375,Amanita augusta,05487_Fungi_Basidiomycota_Agaricomycetes_Agaricales_Amanitaceae_Amanita_augusta
train_mini,2618528,5487,train_mini/05487_Fungi_Basidiomycota_Agaricomycetes_Agaricales_Amanitaceae_Amanita_augusta/17c95946-a006-4e19-9d94-4ae01b3f6bf5.jpg,375,500,Amanita augusta,05487_Fungi_Basidiomycota_Agaricomycetes_Agaricales_Amanitaceae_Amanita_augusta
train_mini,2627765,5487,train_mini/05487_Fungi_Basidiomycota_Agaricomycetes_Agaricales_Amanitaceae_Amanita_augusta/4ee3eb75-9298-42e8-ac19-3d999faef092.jpg,375,500,Amanita augusta,05487_Fungi_Basidiomycota_Agaricomycetes_Agaricales_Amanitaceae_Amanita_augusta
train_mini,173958,5835,train_mini/05835_Plantae_Tracheophyta_Liliopsida_Asparagales_Amaryllidaceae_Allium_acuminatum/5973629c-6446-475c-8a7f-ac493132545b.jpg,373,500,Allium acuminatum,05835_Plantae_Tracheophyta_Liliopsida_Asparagales_Amaryllidaceae_Allium_acuminatum
train_mini,193865,5835,train_mini/05835_Plantae_Tracheophyta_Liliopsida_Asparagales_Amaryllidaceae_Allium_acuminatum/ca65d4fb-5504-4e67-8038-051554693a48.jpg,500,375,Allium acuminatum,05835_Plantae_Tracheophyta_Liliopsida_Asparagales_Amaryllidaceae_Allium_acuminatum
train_mini,198335,5835,train_mini/05835_Plantae_Tracheophyta_Liliopsida_Asparagales_Amaryllidaceae_Allium_acuminatum/17498989-32c8-4a4a-b320-641e51dfd90a.jpg,432,500,Allium acuminatum,05835_Plantae_Tracheophyta_Liliopsida_Asparagales_Amaryllidaceae_Allium_acuminatum
train_mini,203691,5835,train_mini/05835_Plantae_Tracheophyta_Liliopsida_Asparagales_Amaryllidaceae_Allium_acuminatum/5af5f8fd-4492-4636-8e77-3c6573c577bb.jpg,375,500,Allium acuminatum,05835_Plantae_Tracheophyta_Liliopsida_Asparagales_Amaryllidaceae_Allium_acuminatum
train_mini,221517,5835,train_mini/05835_Plantae_Tracheophyta_Liliopsida_Asparagales_Amaryllidaceae_Allium_acuminatum/b4cb1f67-f40e-4302-aa14-0627bd4fafb2.jpg,332,500,Allium acuminatum,05835_Plantae_Tracheophyta_Liliopsida_Asparagales_Amaryllidaceae_Allium_acuminatum
train_mini,223092,5835,train_mini/05835_Plantae_Tracheophyta_Liliopsida_Asparagales_Amaryllidaceae_Allium_acuminatum/41d3652c-7fc9-46a3-8fc8-f28f81b26c1d.jpg,500,500,Allium acuminatum,05835_Plantae_Tracheophyta_Liliopsida_Asparagales_Amaryllidaceae_Allium_acuminatum
train_mini,371404,5835,train_mini/05835_Plantae_Tracheophyta_Liliopsida_Asparagales_Amaryllidaceae_Allium_acuminatum/a59a372e-ee15-4316-b03b-87bbe5dc8f36.jpg,375,500,Allium acuminatum,05835_Plantae_Tracheophyta_Liliopsida_Asparagales_Amaryllidaceae_Allium_acuminatum
train_mini,384834,5835,train_mini/05835_Plantae_Tracheophyta_Liliopsida_Asparagales_Amaryllidaceae_Allium_acuminatum/b0b1cbbd-a7bf-4840-8b12-9bc22d9bb968.jpg,500,333,Allium acuminatum,05835_Plantae_Tracheophyta_Liliopsida_Asparagales_Amaryllidaceae_Allium_acuminatum
train_mini,387429,5835,train_mini/05835_Plantae_Tracheophyta_Liliopsida_Asparagales_Amaryllidaceae_Allium_acuminatum/c0946339-d70f-4413-a406-98cb03e0d759.jpg,375,500,Allium acuminatum,05835_Plantae_Tracheophyta_Liliopsida_Asparagales_Amaryllidaceae_Allium_acuminatum
train_mini,397897,5835,train_mini/05835_Plantae_Tracheophyta_Liliopsida_Asparagales_Amaryllidaceae_Allium_acuminatum/9c2cef1f-594b-485b-bc01-8622db84dda8.jpg,375,500,Allium acuminatum,05835_Plantae_Tracheophyta_Liliopsida_Asparagales_Amaryllidaceae_Allium_acuminatum
train_mini,423162,5835,train_mini/05835_Plantae_Tracheophyta_Liliopsida_Asparagales_Amaryllidaceae_Allium_acuminatum/bf417f05-36f7-4b81-ad5b-f0bb72dd50f5.jpg,375,500,Allium acuminatum,05835_Plantae_Tracheophyta_Liliopsida_Asparagales_Amaryllidaceae_Allium_acuminatum
train_mini,426376,5835,train_mini/05835_Plantae_Tracheophyta_Liliopsida_Asparagales_Amaryllidaceae_Allium_acuminatum/76d290d8-50c2-4924-b3ab-ca1c6fb388f4.jpg,500,266,Allium acuminatum,05835_Plantae_Tracheophyta_Liliopsida_Asparagales_Amaryllidaceae_Allium_acuminatum
train_mini,433087,5835,train_mini/05835_Plantae_Tracheophyta_Liliopsida_Asparagales_Amaryllidaceae_Allium_acuminatum/936667db-7d44-4603-85f3-003963462966.jpg,375,500,Allium acuminatum,05835_Plantae_Tracheophyta_Liliopsida_Asparagales_Amaryllidaceae_Allium_acuminatum
train_mini,437777,5835,train_mini/05835_Plantae_Tracheophyta_Liliopsida_Asparagales_Amaryllidaceae_Allium_acuminatum/c2097c70-cc19-4a70-b20f-1b247416f6ad.jpg,375,500,Allium acuminatum,05835_Plantae_Tracheophyta_Liliopsida_Asparagales_Amaryllidaceae_Allium_acuminatum
train_mini,466150,5835,train_mini/05835_Plantae_Tracheophyta_Liliopsida_Asparagales_Amaryllidaceae_Allium_acuminatum/f8886256-cdf1-4bef-a988-36976a8b9752.jpg,375,500,Allium acuminatum,05835_Plantae_Tracheophyta_Liliopsida_Asparagales_Amaryllidaceae_Allium_acuminatum
train_mini,476039,5835,train_mini/05835_Plantae_Tracheophyta_Liliopsida_Asparagales_Amaryllidaceae_Allium_acuminatum/6f9e6400-a276-4d69-92f3-ea753a80edd6.jpg,375,500,Allium acuminatum,05835_Plantae_Tracheophyta_Liliopsida_Asparagales_Amaryllidaceae_Allium_acuminatum
train_mini,701945,5835,train_mini/05835_Plantae_Tracheophyta_Liliopsida_Asparagales_Amaryllidaceae_Allium_acuminatum/7e79141c-d86b-4ee2-8cb3-9f31c6bc566d.jpg,375,500,Allium acuminatum,05835_Plantae_Tracheophyta_Liliopsida_Asparagales_Amaryllidaceae_Allium_acuminatum
train_mini,748770,5835,train_mini/05835_Plantae_Tracheophyta_Liliopsida_Asparagales_Amaryllidaceae_Allium_acuminatum/2f61f8d6-7222-4a9a-a4e4-883da6a988fb.jpg,281,500,Allium acuminatum,05835_Plantae_Tracheophyta_Liliopsida_Asparagales_Amaryllidaceae_Allium_acuminatum
train_mini,789837,5835,train_mini/05835_Plantae_Tracheophyta_Liliopsida_Asparagales_Amaryllidaceae_Allium_acuminatum/28ee60a4-5dc4-4f2c-9b5c-68f9f0871334.jpg,375,500,Allium acuminatum,05835_Plantae_Tracheophyta_Liliopsida_Asparagales_Amaryllidaceae_Allium_acuminatum
train_mini,832069,5835,train_mini/05835_Plantae_Tracheophyta_Liliopsida_Asparagales_Amaryllidaceae_Allium_acuminatum/a252ef68-151a-4fa6-ba5d-44fa35696df5.jpg,375,500,Allium acuminatum,05835_Plantae_Tracheophyta_Liliopsida_Asparagales_Amaryllidaceae_Allium_acuminatum
train_mini,863752,5835,train_mini/05835_Plantae_Tracheophyta_Liliopsida_Asparagales_Amaryllidaceae_Allium_acuminatum/79cd731a-6d53-4e78-a6a1-3984f08e3813.jpg,500,375,Allium acuminatum,05835_Plantae_Tracheophyta_Liliopsida_Asparagales_Amaryllidaceae_Allium_acuminatum
train_mini,875549,5835,train_mini/05835_Plantae_Tracheophyta_Liliopsida_Asparagales_Amaryllidaceae_Allium_acuminatum/931f8b91-2f99-4837-97f0-4f6a87503640.jpg,375,500,Allium acuminatum,05835_Plantae_Tracheophyta_Liliopsida_Asparagales_Amaryllidaceae_Allium_acuminatum
train_mini,877197,5835,train_mini/05835_Plantae_Tracheophyta_Liliopsida_Asparagales_Amaryllidaceae_Allium_acuminatum/580b732a-9afd-4ad2-8e08-a393c694fed6.jpg,474,500,Allium acuminatum,05835_Plantae_Tracheophyta_Liliopsida_Asparagales_Amaryllidaceae_Allium_acuminatum
train_mini,878869,5835,train_mini/05835_Plantae_Tracheophyta_Liliopsida_Asparagales_Amaryllidaceae_Allium_acuminatum/1a1c04ea-8170-4c20-9d5a-439ed2014876.jpg,375,500,Allium acuminatum,05835_Plantae_Tracheophyta_Liliopsida_Asparagales_Amaryllidaceae_Allium_acuminatum
train_mini,884533,5835,train_mini/05835_Plantae_Tracheophyta_Liliopsida_Asparagales_Amaryllidaceae_Allium_acuminatum/e38903ca-8981-4fea-8455-d357a13b387f.jpg,375,500,Allium acuminatum,05835_Plantae_Tracheophyta_Liliopsida_Asparagales_Amaryllidaceae_Allium_acuminatum
train_mini,902525,5835,train_mini/05835_Plantae_Tracheophyta_Liliopsida_Asparagales_Amaryllidaceae_Allium_acuminatum/0a693a65-9bee-45d6-aef6-90572e1458a9.jpg,375,500,Allium acuminatum,05835_Plantae_Tracheophyta_Liliopsida_Asparagales_Amaryllidaceae_Allium_acuminatum
train_mini,907680,5835,train_mini/05835_Plantae_Tracheophyta_Liliopsida_Asparagales_Amaryllidaceae_Allium_acuminatum/134d08cc-a52c-4604-9319-439e7b972a29.jpg,375,500,Allium acuminatum,05835_Plantae_Tracheophyta_Liliopsida_Asparagales_Amaryllidaceae_Allium_acuminatum
train_mini,918523,5835,train_mini/05835_Plantae_Tracheophyta_Liliopsida_Asparagales_Amaryllidaceae_Allium_acuminatum/4322a900-284e-4af1-ba44-21c863269fb7.jpg,375,500,Allium acuminatum,05835_Plantae_Tracheophyta_Liliopsida_Asparagales_Amaryllidaceae_Allium_acuminatum
train_mini,1392558,5835,train_mini/05835_Plantae_Tracheophyta_Liliopsida_Asparagales_Amaryllidaceae_Allium_acuminatum/74652464-c2b2-424f-9e27-0f35777670f9.jpg,500,333,Allium acuminatum,05835_Plantae_Tracheophyta_Liliopsida_Asparagales_Amaryllidaceae_Allium_acuminatum
train_mini,1714202,5835,train_mini/05835_Plantae_Tracheophyta_Liliopsida_Asparagales_Amaryllidaceae_Allium_acuminatum/4d9ea670-cf6f-4f99-b55b-f342a3f46517.jpg,500,340,Allium acuminatum,05835_Plantae_Tracheophyta_Liliopsida_Asparagales_Amaryllidaceae_Allium_acuminatum
train_mini,1739109,5835,train_mini/05835_Plantae_Tracheophyta_Liliopsida_Asparagales_Amaryllidaceae_Allium_acuminatum/bea4bad9-fbb0-4570-a48c-1e0745201f31.jpg,500,375,Allium acuminatum,05835_Plantae_Tracheophyta_Liliopsida_Asparagales_Amaryllidaceae_Allium_acuminatum
train_mini,1753163,5835,train_mini/05835_Plantae_Tracheophyta_Liliopsida_Asparagales_Amaryllidaceae_Allium_acuminatum/3a12f924-b103-4ea8-b16d-da32ab6747a5.jpg,375,500,Allium acuminatum,05835_Plantae_Tracheophyta_Liliopsida_Asparagales_Amaryllidaceae_Allium_acuminatum
train_mini,1762729,5835,train_mini/05835_Plantae_Tracheophyta_Liliopsida_Asparagales_Amaryllidaceae_Allium_acuminatum/2bff506f-e3a9-4f3a-9101-f9abd5b392f9.jpg,500,375,Allium acuminatum,05835_Plantae_Tracheophyta_Liliopsida_Asparagales_Amaryllidaceae_Allium_acuminatum
train_mini,1771759,5835,train_mini/05835_Plantae_Tracheophyta_Liliopsida_Asparagales_Amaryllidaceae_Allium_acuminatum/923a8b1d-26aa-43d6-8907-bfd2794cffd9.jpg,375,500,Allium acuminatum,05835_Plantae_Tracheophyta_Liliopsida_Asparagales_Amaryllidaceae_Allium_acuminatum
train_mini,1777328,5835,train_mini/05835_Plantae_Tracheophyta_Liliopsida_Asparagales_Amaryllidaceae_Allium_acuminatum/e260c844-be2b-4b68-8785-2842b59a5c6a.jpg,375,500,Allium acuminatum,05835_Plantae_Tracheophyta_Liliopsida_Asparagales_Amaryllidaceae_Allium_acuminatum
train_mini,1791008,5835,train_mini/05835_Plantae_Tracheophyta_Liliopsida_Asparagales_Amaryllidaceae_Allium_acuminatum/1fc4b45d-591c-47ae-9dbc-d44b40afa6d9.jpg,500,334,Allium acuminatum,05835_Plantae_Tracheophyta_Liliopsida_Asparagales_Amaryllidaceae_Allium_acuminatum
train_mini,1807297,5835,train_mini/05835_Plantae_Tracheophyta_Liliopsida_Asparagales_Amaryllidaceae_Allium_acuminatum/4a36ad31-3939-4076-b16d-d7ac0422c4d3.jpg,375,500,Allium acuminatum,05835_Plantae_Tracheophyta_Liliopsida_Asparagales_Amaryllidaceae_Allium_acuminatum
train_mini,1813779,5835,train_mini/05835_Plantae_Tracheophyta_Liliopsida_Asparagales_Amaryllidaceae_Allium_acuminatum/5b08e4d2-4f52-42f6-aa8e-3965897394c6.jpg,500,375,Allium acuminatum,05835_Plantae_Tracheophyta_Liliopsida_Asparagales_Amaryllidaceae_Allium_acuminatum
train_mini,1815726,5835,train_mini/05835_Plantae_Tracheophyta_Liliopsida_Asparagales_Amaryllidaceae_Allium_acuminatum/32558312-5946-44e1-b49b-c0c13e33b24d.jpg,375,500,Allium acuminatum,05835_Plantae_Tracheophyta_Liliopsida_Asparagales_Amaryllidaceae_Allium_acuminatum
train_mini,1838869,5835,train_mini/05835_Plantae_Tracheophyta_Liliopsida_Asparagales_Amaryllidaceae_Allium_acuminatum/54dd8dba-d446-49fa-96cd-2387c19c9cc7.jpg,375,500,Allium acuminatum,05835_Plantae_Tracheophyta_Liliopsida_Asparagales_Amaryllidaceae_Allium_acuminatum
train_mini,1850223,5835,train_mini/05835_Plantae_Tracheophyta_Liliopsida_Asparagales_Amaryllidaceae_Allium_acuminatum/9973e3f9-72de-4bdf-918a-d8fec1ee3219.jpg,333,500,Allium acuminatum,05835_Plantae_Tracheophyta_Liliopsida_Asparagales_Amaryllidaceae_Allium_acuminatum
train_mini,1858029,5835,train_mini/05835_Plantae_Tracheophyta_Liliopsida_Asparagales_Amaryllidaceae_Allium_acuminatum/930cdc25-e55f-4628-877e-c9e193c378f0.jpg,497,500,Allium acuminatum,05835_Plantae_Tracheophyta_Liliopsida_Asparagales_Amaryllidaceae_Allium_acuminatum
train_mini,1859020,5835,train_mini/05835_Plantae_Tracheophyta_Liliopsida_Asparagales_Amaryllidaceae_Allium_acuminatum/22370952-7105-4323-9127-0cbab2f9d59b.jpg,375,500,Allium acuminatum,05835_Plantae_Tracheophyta_Liliopsida_Asparagales_Amaryllidaceae_Allium_acuminatum
train_mini,1881701,5835,train_mini/05835_Plantae_Tracheophyta_Liliopsida_Asparagales_Amaryllidaceae_Allium_acuminatum/86baed31-fa8b-4dc1-bda0-d559ddd6f564.jpg,375,500,Allium acuminatum,05835_Plantae_Tracheophyta_Liliopsida_Asparagales_Amaryllidaceae_Allium_acuminatum
train_mini,1934748,5835,train_mini/05835_Plantae_Tracheophyta_Liliopsida_Asparagales_Amaryllidaceae_Allium_acuminatum/e1859edb-0228-4700-abd3-051beae743ec.jpg,375,500,Allium acuminatum,05835_Plantae_Tracheophyta_Liliopsida_Asparagales_Amaryllidaceae_Allium_acuminatum
train_mini,1948754,5835,train_mini/05835_Plantae_Tracheophyta_Liliopsida_Asparagales_Amaryllidaceae_Allium_acuminatum/f04e3881-d3b1-446d-ab5a-552bf2093c36.jpg,281,500,Allium acuminatum,05835_Plantae_Tracheophyta_Liliopsida_Asparagales_Amaryllidaceae_Allium_acuminatum
train_mini,2014615,5835,train_mini/05835_Plantae_Tracheophyta_Liliopsida_Asparagales_Amaryllidaceae_Allium_acuminatum/d6c0e9d2-d727-48b2-83a5-a0e0e0e00840.jpg,375,500,Allium acuminatum,05835_Plantae_Tracheophyta_Liliopsida_Asparagales_Amaryllidaceae_Allium_acuminatum
train_mini,2019423,5835,train_mini/05835_Plantae_Tracheophyta_Liliopsida_Asparagales_Amaryllidaceae_Allium_acuminatum/1c01a757-d77c-4a5f-95ea-9f48e45ea09b.jpg,500,243,Allium acuminatum,05835_Plantae_Tracheophyta_Liliopsida_Asparagales_Amaryllidaceae_Allium_acuminatum
train_mini,2524547,5835,train_mini/05835_Plantae_Tracheophyta_Liliopsida_Asparagales_Amaryllidaceae_Allium_acuminatum/e071b533-cd1d-4756-a091-f3648312fa86.jpg,281,500,Allium acuminatum,05835_Plantae_Tracheophyta_Liliopsida_Asparagales_Amaryllidaceae_Allium_acuminatum
train_mini,2610103,5835,train_mini/05835_Plantae_Tracheophyta_Liliopsida_Asparagales_Amaryllidaceae_Allium_acuminatum/392cfc1e-ff0f-4501-9a8e-6fefba8ec8a5.jpg,375,500,Allium acuminatum,05835_Plantae_Tracheophyta_Liliopsida_Asparagales_Amaryllidaceae_Allium_acuminatum
train_mini,2283,5871,train_mini/05871_Plantae_Tracheophyta_Liliopsida_Asparagales_Asparagaceae_Agave_americana/8883ca76-c0b7-44cf-a8db-81f380d358db.jpg,500,375,Agave americana,05871_Plantae_Tracheophyta_Liliopsida_Asparagales_Asparagaceae_Agave_americana
train_mini,12541,5871,train_mini/05871_Plantae_Tracheophyta_Liliopsida_Asparagales_Asparagaceae_Agave_americana/e8c5913b-0b80-4706-beaf-1b18118ce03e.jpg,375,500,Agave americana,05871_Plantae_Tracheophyta_Liliopsida_Asparagales_Asparagaceae_Agave_americana
train_mini,20450,5871,train_mini/05871_Plantae_Tracheophyta_Liliopsida_Asparagales_Asparagaceae_Agave_americana/447aa676-6619-4307-a0c3-9dd4406163cf.jpg,358,480,Agave americana,05871_Plantae_Tracheophyta_Liliopsida_Asparagales_Asparagaceae_Agave_americana
train_mini,26799,5871,train_mini/05871_Plantae_Tracheophyta_Liliopsida_Asparagales_Asparagaceae_Agave_americana/a9e27e7e-9a39-4090-98eb-abcecfd19bae.jpg,375,500,Agave americana,05871_Plantae_Tracheophyta_Liliopsida_Asparagales_Asparagaceae_Agave_americana
train_mini,70477,5871,train_mini/05871_Plantae_Tracheophyta_Liliopsida_Asparagales_Asparagaceae_Agave_americana/2fc39297-c09a-4ea2-bfd0-73c7a378f420.jpg,500,427,Agave americana,05871_Plantae_Tracheophyta_Liliopsida_Asparagales_Asparagaceae_Agave_americana
train_mini,70944,5871,train_mini/05871_Plantae_Tracheophyta_Liliopsida_Asparagales_Asparagaceae_Agave_americana/fa148b95-d89a-480d-b496-c2c27c46b3f1.jpg,373,500,Agave americana,05871_Plantae_Tracheophyta_Liliopsida_Asparagales_Asparagaceae_Agave_americana
train_mini,88420,5871,train_mini/05871_Plantae_Tracheophyta_Liliopsida_Asparagales_Asparagaceae_Agave_americana/cfb032d8-02cc-4ba8-be0c-bb03b93118d0.jpg,375,500,Agave americana,05871_Plantae_Tracheophyta_Liliopsida_Asparagales_Asparagaceae_Agave_americana
train_mini,92577,5871,train_mini/05871_Plantae_Tracheophyta_Liliopsida_Asparagales_Asparagaceae_Agave_americana/ae1e152e-c776-4cfe-8189-6e69dd813570.jpg,281,500,Agave americana,05871_Plantae_Tracheophyta_Liliopsida_Asparagales_Asparagaceae_Agave_americana
train_mini,103556,5871,train_mini/05871_Plantae_Tracheophyta_Liliopsida_Asparagales_Asparagaceae_Agave_americana/bf83d7d1-7fa7-4b5c-800d-c15154d0a00f.jpg,500,375,Agave americana,05871_Plantae_Tracheophyta_Liliopsida_Asparagales_Asparagaceae_Agave_americana
train_mini,143919,5871,train_mini/05871_Plantae_Tracheophyta_Liliopsida_Asparagales_Asparagaceae_Agave_americana/ddc11195-3762-496c-a05a-29d3de32d5e7.jpg,500,500,Agave americana,05871_Plantae_Tracheophyta_Liliopsida_Asparagales_Asparagaceae_Agave_americana
train_mini,183056,5871,train_mini/05871_Plantae_Tracheophyta_Liliopsida_Asparagales_Asparagaceae_Agave_americana/9a9d065e-0ca9-40da-b72d-7b1d616aec5f.jpg,500,500,Agave americana,05871_Plantae_Tracheophyta_Liliopsida_Asparagales_Asparagaceae_Agave_americana
train_mini,183301,5871,train_mini/05871_Plantae_Tracheophyta_Liliopsida_Asparagales_Asparagaceae_Agave_americana/c8bf4213-43c9-4c25-ad50-75e9a690ffe7.jpg,375,500,Agave americana,05871_Plantae_Tracheophyta_Liliopsida_Asparagales_Asparagaceae_Agave_americana
train_mini,303085,5871,train_mini/05871_Plantae_Tracheophyta_Liliopsida_Asparagales_Asparagaceae_Agave_americana/b07fa41d-0eb5-43bb-a474-1a2e5d0c2cef.jpg,375,500,Agave americana,05871_Plantae_Tracheophyta_Liliopsida_Asparagales_Asparagaceae_Agave_americana
train_mini,316230,5871,train_mini/05871_Plantae_Tracheophyta_Liliopsida_Asparagales_Asparagaceae_Agave_americana/0bd94ab1-8d96-43cc-82f3-759315cb4fe0.jpg,281,500,Agave americana,05871_Plantae_Tracheophyta_Liliopsida_Asparagales_Asparagaceae_Agave_americana
train_mini,464244,5871,train_mini/05871_Plantae_Tracheophyta_Liliopsida_Asparagales_Asparagaceae_Agave_americana/7192adfd-8dcb-401b-b160-d5364d018112.jpg,375,500,Agave americana,05871_Plantae_Tracheophyta_Liliopsida_Asparagales_Asparagaceae_Agave_americana
train_mini,469380,5871,train_mini/05871_Plantae_Tracheophyta_Liliopsida_Asparagales_Asparagaceae_Agave_americana/5a9ea1a3-2256-48e1-af78-1dc110cb45f4.jpg,500,375,Agave americana,05871_Plantae_Tracheophyta_Liliopsida_Asparagales_Asparagaceae_Agave_americana
train_mini,633963,5871,train_mini/05871_Plantae_Tracheophyta_Liliopsida_Asparagales_Asparagaceae_Agave_americana/bc55790b-fcc1-4e00-ba56-caab7c0f3681.jpg,500,375,Agave americana,05871_Plantae_Tracheophyta_Liliopsida_Asparagales_Asparagaceae_Agave_americana
train_mini,649794,5871,train_mini/05871_Plantae_Tracheophyta_Liliopsida_Asparagales_Asparagaceae_Agave_americana/2902cec3-efd4-44c0-9f0d-3b4e52111855.jpg,500,375,Agave americana,05871_Plantae_Tracheophyta_Liliopsida_Asparagales_Asparagaceae_Agave_americana
train_mini,666070,5871,train_mini/05871_Plantae_Tracheophyta_Liliopsida_Asparagales_Asparagaceae_Agave_americana/889bed90-64e3-46b4-9ac3-218e2ec0563b.jpg,375,500,Agave americana,05871_Plantae_Tracheophyta_Liliopsida_Asparagales_Asparagaceae_Agave_americana
train_mini,669823,5871,train_mini/05871_Plantae_Tracheophyta_Liliopsida_Asparagales_Asparagaceae_Agave_americana/3ea6ae92-002e-4b65-af55-da6eeddcf4e3.jpg,500,384,Agave americana,05871_Plantae_Tracheophyta_Liliopsida_Asparagales_Asparagaceae_Agave_americana
train_mini,675171,5871,train_mini/05871_Plantae_Tracheophyta_Liliopsida_Asparagales_Asparagaceae_Agave_americana/079be0cf-d25c-4c1c-b166-8db555d72ecc.jpg,375,500,Agave americana,05871_Plantae_Tracheophyta_Liliopsida_Asparagales_Asparagaceae_Agave_americana
train_mini,735512,5871,train_mini/05871_Plantae_Tracheophyta_Liliopsida_Asparagales_Asparagaceae_Agave_americana/49472d76-e053-4e32-b14a-52565dede0c7.jpg,375,500,Agave americana,05871_Plantae_Tracheophyta_Liliopsida_Asparagales_Asparagaceae_Agave_americana
train_mini,737908,5871,train_mini/05871_Plantae_Tracheophyta_Liliopsida_Asparagales_Asparagaceae_Agave_americana/ad1a18c1-0220-4cad-94d6-6f860d7d28c0.jpg,375,500,Agave americana,05871_Plantae_Tracheophyta_Liliopsida_Asparagales_Asparagaceae_Agave_americana
train_mini,813601,5871,train_mini/05871_Plantae_Tracheophyta_Liliopsida_Asparagales_Asparagaceae_Agave_americana/6b4104bd-e731-430f-b611-f632e05d224c.jpg,500,375,Agave americana,05871_Plantae_Tracheophyta_Liliopsida_Asparagales_Asparagaceae_Agave_americana
train_mini,833812,5871,train_mini/05871_Plantae_Tracheophyta_Liliopsida_Asparagales_Asparagaceae_Agave_americana/af13d0f5-0aa4-4476-8a3b-1c9b39d5439e.jpg,375,500,Agave americana,05871_Plantae_Tracheophyta_Liliopsida_Asparagales_Asparagaceae_Agave_americana
train_mini,1077189,5871,train_mini/05871_Plantae_Tracheophyta_Liliopsida_Asparagales_Asparagaceae_Agave_americana/f7321280-a9b8-497b-960d-76fa6a2799fd.jpg,375,500,Agave americana,05871_Plantae_Tracheophyta_Liliopsida_Asparagales_Asparagaceae_Agave_americana
train_mini,1084511,5871,train_mini/05871_Plantae_Tracheophyta_Liliopsida_Asparagales_Asparagaceae_Agave_americana/a0a24a34-dfef-4fbb-8bed-d477f3151d34.jpg,500,375,Agave americana,05871_Plantae_Tracheophyta_Liliopsida_Asparagales_Asparagaceae_Agave_americana
train_mini,1093040,5871,train_mini/05871_Plantae_Tracheophyta_Liliopsida_Asparagales_Asparagaceae_Agave_americana/1b343151-f134-4a5e-8caa-38595502013d.jpg,243,500,Agave americana,05871_Plantae_Tracheophyta_Liliopsida_Asparagales_Asparagaceae_Agave_americana
train_mini,1124485,5871,train_mini/05871_Plantae_Tracheophyta_Liliopsida_Asparagales_Asparagaceae_Agave_americana/10810179-de9c-44a7-93dc-5e4ab8a49818.jpg,375,500,Agave americana,05871_Plantae_Tracheophyta_Liliopsida_Asparagales_Asparagaceae_Agave_americana
train_mini,1137125,5871,train_mini/05871_Plantae_Tracheophyta_Liliopsida_Asparagales_Asparagaceae_Agave_americana/30c622a4-1c7c-4188-8370-80788c61015c.jpg,500,333,Agave americana,05871_Plantae_Tracheophyta_Liliopsida_Asparagales_Asparagaceae_Agave_americana
train_mini,1168362,5871,train_mini/05871_Plantae_Tracheophyta_Liliopsida_Asparagales_Asparagaceae_Agave_americana/b9634319-789b-43cb-bab9-47b08acbe8cd.jpg,375,500,Agave americana,05871_Plantae_Tracheophyta_Liliopsida_Asparagales_Asparagaceae_Agave_americana
train_mini,1211300,5871,train_mini/05871_Plantae_Tracheophyta_Liliopsida_Asparagales_Asparagaceae_Agave_americana/2e0f0d0b-bb6d-4002-99a1-c6389a9edaa5.jpg,500,334,Agave americana,05871_Plantae_Tracheophyta_Liliopsida_Asparagales_Asparagaceae_Agave_americana
train_mini,1240865,5871,train_mini/05871_Plantae_Tracheophyta_Liliopsida_Asparagales_Asparagaceae_Agave_americana/1c7c9915-14db-4deb-bbd3-28fb0f485bc8.jpg,375,500,Agave americana,05871_Plantae_Tracheophyta_Liliopsida_Asparagales_Asparagaceae_Agave_americana
train_mini,1373288,5871,train_mini/05871_Plantae_Tracheophyta_Liliopsida_Asparagales_Asparagaceae_Agave_americana/a63ae464-b6bd-4c3c-9eb5-c0a3657c1d59.jpg,500,281,Agave americana,05871_Plantae_Tracheophyta_Liliopsida_Asparagales_Asparagaceae_Agave_americana
train_mini,1444733,5871,train_mini/05871_Plantae_Tracheophyta_Liliopsida_Asparagales_Asparagaceae_Agave_americana/13096426-f4c5-4506-b832-afd90a663d8a.jpg,375,500,Agave americana,05871_Plantae_Tracheophyta_Liliopsida_Asparagales_Asparagaceae_Agave_americana
train_mini,1511588,5871,train_mini/05871_Plantae_Tracheophyta_Liliopsida_Asparagales_Asparagaceae_Agave_americana/d4efba13-297c-4b52-b07a-5c5610db5813.jpg,328,500,Agave americana,05871_Plantae_Tracheophyta_Liliopsida_Asparagales_Asparagaceae_Agave_americana
train_mini,1589878,5871,train_mini/05871_Plantae_Tracheophyta_Liliopsida_Asparagales_Asparagaceae_Agave_americana/bde7ead7-6b1f-477c-a74c-23492acff39d.jpg,281,500,Agave americana,05871_Plantae_Tracheophyta_Liliopsida_Asparagales_Asparagaceae_Agave_americana
train_mini,1596228,5871,train_mini/05871_Plantae_Tracheophyta_Liliopsida_Asparagales_Asparagaceae_Agave_americana/f7db70f3-801b-4d72-9292-a1b7171c1362.jpg,375,500,Agave americana,05871_Plantae_Tracheophyta_Liliopsida_Asparagales_Asparagaceae_Agave_americana
train_mini,1606662,5871,train_mini/05871_Plantae_Tracheophyta_Liliopsida_Asparagales_Asparagaceae_Agave_americana/b6426810-25a2-4f0d-adcd-d4359bfbcb00.jpg,500,375,Agave americana,05871_Plantae_Tracheophyta_Liliopsida_Asparagales_Asparagaceae_Agave_americana
train_mini,1640208,5871,train_mini/05871_Plantae_Tracheophyta_Liliopsida_Asparagales_Asparagaceae_Agave_americana/c4b125b8-6d45-4c04-bf48-21f62b5efeca.jpg,500,375,Agave americana,05871_Plantae_Tracheophyta_Liliopsida_Asparagales_Asparagaceae_Agave_americana
train_mini,1654609,5871,train_mini/05871_Plantae_Tracheophyta_Liliopsida_Asparagales_Asparagaceae_Agave_americana/79dd4e6a-38ab-4d6e-bfdb-ca5d0aa19b64.jpg,500,375,Agave americana,05871_Plantae_Tracheophyta_Liliopsida_Asparagales_Asparagaceae_Agave_americana
train_mini,1674199,5871,train_mini/05871_Plantae_Tracheophyta_Liliopsida_Asparagales_Asparagaceae_Agave_americana/4cc2be8f-0ac8-48c1-bf4e-fb53049b8b7f.jpg,375,500,Agave americana,05871_Plantae_Tracheophyta_Liliopsida_Asparagales_Asparagaceae_Agave_americana
train_mini,1695801,5871,train_mini/05871_Plantae_Tracheophyta_Liliopsida_Asparagales_Asparagaceae_Agave_americana/751f5dae-4b39-4a1e-b4fa-f3ae21bbca03.jpg,375,500,Agave americana,05871_Plantae_Tracheophyta_Liliopsida_Asparagales_Asparagaceae_Agave_americana
train_mini,1806736,5871,train_mini/05871_Plantae_Tracheophyta_Liliopsida_Asparagales_Asparagaceae_Agave_americana/e9fa1990-3275-41da-8083-4a914be8a2f0.jpg,500,333,Agave americana,05871_Plantae_Tracheophyta_Liliopsida_Asparagales_Asparagaceae_Agave_americana
train_mini,2234101,5871,train_mini/05871_Plantae_Tracheophyta_Liliopsida_Asparagales_Asparagaceae_Agave_americana/7d72ba72-526d-40c5-85fa-e08d8bc2fa62.jpg,375,500,Agave americana,05871_Plantae_Tracheophyta_Liliopsida_Asparagales_Asparagaceae_Agave_americana
train_mini,2256724,5871,train_mini/05871_Plantae_Tracheophyta_Liliopsida_Asparagales_Asparagaceae_Agave_americana/8ffb9319-a273-4ba0-b09f-2bb22429a820.jpg,375,500,Agave americana,05871_Plantae_Tracheophyta_Liliopsida_Asparagales_Asparagaceae_Agave_americana
train_mini,2384573,5871,train_mini/05871_Plantae_Tracheophyta_Liliopsida_Asparagales_Asparagaceae_Agave_americana/79f78c83-ea6b-4c53-9b83-d9e1c6ab2b29.jpg,500,375,Agave americana,05871_Plantae_Tracheophyta_Liliopsida_Asparagales_Asparagaceae_Agave_americana
train_mini,2429075,5871,train_mini/05871_Plantae_Tracheophyta_Liliopsida_Asparagales_Asparagaceae_Agave_americana/45f93ac9-8bed-45d3-8835-0f7488160d1a.jpg,500,375,Agave americana,05871_Plantae_Tracheophyta_Liliopsida_Asparagales_Asparagaceae_Agave_americana
train_mini,2430175,5871,train_mini/05871_Plantae_Tracheophyta_Liliopsida_Asparagales_Asparagaceae_Agave_americana/3ec79292-081a-4fd5-aa28-e836823e61e8.jpg,375,500,Agave americana,05871_Plantae_Tracheophyta_Liliopsida_Asparagales_Asparagaceae_Agave_americana
train_mini,2593741,5871,train_mini/05871_Plantae_Tracheophyta_Liliopsida_Asparagales_Asparagaceae_Agave_americana/d19ef64f-ea99-43da-99e9-2f71faa0e85c.jpg,500,375,Agave americana,05871_Plantae_Tracheophyta_Liliopsida_Asparagales_Asparagaceae_Agave_americana
train_mini,34593,6603,train_mini/06603_Plantae_Tracheophyta_Magnoliopsida_Asterales_Asteraceae_Ambrosia_ambrosioides/68cfc9ef-93d0-46b6-88ae-37c6e186f5fb.jpg,375,500,Ambrosia ambrosioides,06603_Plantae_Tracheophyta_Magnoliopsida_Asterales_Asteraceae_Ambrosia_ambrosioides
train_mini,271649,6603,train_mini/06603_Plantae_Tracheophyta_Magnoliopsida_Asterales_Asteraceae_Ambrosia_ambrosioides/b7c4774a-adbe-4548-a245-49f6081f2e3c.jpg,500,375,Ambrosia ambrosioides,06603_Plantae_Tracheophyta_Magnoliopsida_Asterales_Asteraceae_Ambrosia_ambrosioides
train_mini,315036,6603,train_mini/06603_Plantae_Tracheophyta_Magnoliopsida_Asterales_Asteraceae_Ambrosia_ambrosioides/0b21bc86-6874-46fc-a6e0-6854c87c4c14.jpg,500,500,Ambrosia ambrosioides,06603_Plantae_Tracheophyta_Magnoliopsida_Asterales_Asteraceae_Ambrosia_ambrosioides
train_mini,317236,6603,train_mini/06603_Plantae_Tracheophyta_Magnoliopsida_Asterales_Asteraceae_Ambrosia_ambrosioides/285c6d3e-223d-4e50-a02c-ac0feb84faea.jpg,500,359,Ambrosia ambrosioides,06603_Plantae_Tracheophyta_Magnoliopsida_Asterales_Asteraceae_Ambrosia_ambrosioides
train_mini,325190,6603,train_mini/06603_Plantae_Tracheophyta_Magnoliopsida_Asterales_Asteraceae_Ambrosia_ambrosioides/7b4c8cdf-1b86-4e5f-a217-388ad27d78eb.jpg,500,375,Ambrosia ambrosioides,06603_Plantae_Tracheophyta_Magnoliopsida_Asterales_Asteraceae_Ambrosia_ambrosioides
train_mini,406824,6603,train_mini/06603_Plantae_Tracheophyta_Magnoliopsida_Asterales_Asteraceae_Ambrosia_ambrosioides/81668bd4-e482-48fd-8210-9a4ea8121623.jpg,500,375,Ambrosia ambrosioides,06603_Plantae_Tracheophyta_Magnoliopsida_Asterales_Asteraceae_Ambrosia_ambrosioides
train_mini,412671,6603,train_mini/06603_Plantae_Tracheophyta_Magnoliopsida_Asterales_Asteraceae_Ambrosia_ambrosioides/7ab3ec7a-061a-48fc-a980-080d801208f9.jpg,500,375,Ambrosia ambrosioides,06603_Plantae_Tracheophyta_Magnoliopsida_Asterales_Asteraceae_Ambrosia_ambrosioides
train_mini,509831,6603,train_mini/06603_Plantae_Tracheophyta_Magnoliopsida_Asterales_Asteraceae_Ambrosia_ambrosioides/fc87837e-d81a-4fe8-aee9-ddb7ed036010.jpg,375,500,Ambrosia ambrosioides,06603_Plantae_Tracheophyta_Magnoliopsida_Asterales_Asteraceae_Ambrosia_ambrosioides
train_mini,649204,6603,train_mini/06603_Plantae_Tracheophyta_Magnoliopsida_Asterales_Asteraceae_Ambrosia_ambrosioides/e6e04f05-83af-4d53-8d3f-14d33c0a31d6.jpg,500,332,Ambrosia ambrosioides,06603_Plantae_Tracheophyta_Magnoliopsida_Asterales_Asteraceae_Ambrosia_ambrosioides
train_mini,666852,6603,train_mini/06603_Plantae_Tracheophyta_Magnoliopsida_Asterales_Asteraceae_Ambrosia_ambrosioides/5af4192e-8719-4eed-9d16-b80ecc436594.jpg,375,500,Ambrosia ambrosioides,06603_Plantae_Tracheophyta_Magnoliopsida_Asterales_Asteraceae_Ambrosia_ambrosioides
train_mini,670862,6603,train_mini/06603_Plantae_Tracheophyta_Magnoliopsida_Asterales_Asteraceae_Ambrosia_ambrosioides/27d36138-5b8d-4d34-b7b6-828a9c24470f.jpg,500,333,Ambrosia ambrosioides,06603_Plantae_Tracheophyta_Magnoliopsida_Asterales_Asteraceae_Ambrosia_ambrosioides
train_mini,673004,6603,train_mini/06603_Plantae_Tracheophyta_Magnoliopsida_Asterales_Asteraceae_Ambrosia_ambrosioides/0c001458-bbc7-4436-b2b8-09ee4b27ed6c.jpg,500,375,Ambrosia ambrosioides,06603_Plantae_Tracheophyta_Magnoliopsida_Asterales_Asteraceae_Ambrosia_ambrosioides
train_mini,695007,6603,train_mini/06603_Plantae_Tracheophyta_Magnoliopsida_Asterales_Asteraceae_Ambrosia_ambrosioides/1146237f-4d6d-4490-8b78-41e4f77ead27.jpg,375,500,Ambrosia ambrosioides,06603_Plantae_Tracheophyta_Magnoliopsida_Asterales_Asteraceae_Ambrosia_ambrosioides
train_mini,697083,6603,train_mini/06603_Plantae_Tracheophyta_Magnoliopsida_Asterales_Asteraceae_Ambrosia_ambrosioides/12d91e79-46ad-4752-a0a7-9a5193033e16.jpg,500,375,Ambrosia ambrosioides,06603_Plantae_Tracheophyta_Magnoliopsida_Asterales_Asteraceae_Ambrosia_ambrosioides
train_mini,725978,6603,train_mini/06603_Plantae_Tracheophyta_Magnoliopsida_Asterales_Asteraceae_Ambrosia_ambrosioides/3146f1ed-bf92-4966-8b39-58d1343154cc.jpg,500,333,Ambrosia ambrosioides,06603_Plantae_Tracheophyta_Magnoliopsida_Asterales_Asteraceae_Ambrosia_ambrosioides
train_mini,734296,6603,train_mini/06603_Plantae_Tracheophyta_Magnoliopsida_Asterales_Asteraceae_Ambrosia_ambrosioides/3652cc1f-7cd3-491e-b12b-564c07b021eb.jpg,333,500,Ambrosia ambrosioides,06603_Plantae_Tracheophyta_Magnoliopsida_Asterales_Asteraceae_Ambrosia_ambrosioides
train_mini,738955,6603,train_mini/06603_Plantae_Tracheophyta_Magnoliopsida_Asterales_Asteraceae_Ambrosia_ambrosioides/66e69e94-20f6-43b4-a3c3-bc435f205d03.jpg,281,500,Ambrosia ambrosioides,06603_Plantae_Tracheophyta_Magnoliopsida_Asterales_Asteraceae_Ambrosia_ambrosioides
train_mini,790511,6603,train_mini/06603_Plantae_Tracheophyta_Magnoliopsida_Asterales_Asteraceae_Ambrosia_ambrosioides/0a13a95c-81f1-4ef5-97a2-2f7031407f15.jpg,281,500,Ambrosia ambrosioides,06603_Plantae_Tracheophyta_Magnoliopsida_Asterales_Asteraceae_Ambrosia_ambrosioides
train_mini,842939,6603,train_mini/06603_Plantae_Tracheophyta_Magnoliopsida_Asterales_Asteraceae_Ambrosia_ambrosioides/47011cf5-c0cd-44cc-ad9c-5f04a31ab995.jpg,500,333,Ambrosia ambrosioides,06603_Plantae_Tracheophyta_Magnoliopsida_Asterales_Asteraceae_Ambrosia_ambrosioides
train_mini,860834,6603,train_mini/06603_Plantae_Tracheophyta_Magnoliopsida_Asterales_Asteraceae_Ambrosia_ambrosioides/2ae175aa-cab5-4b1b-9f2b-e15b105dacf5.jpg,500,500,Ambrosia ambrosioides,06603_Plantae_Tracheophyta_Magnoliopsida_Asterales_Asteraceae_Ambrosia_ambrosioides
train_mini,954800,6603,train_mini/06603_Plantae_Tracheophyta_Magnoliopsida_Asterales_Asteraceae_Ambrosia_ambrosioides/43beab51-7a77-46b7-a7d9-08ceedb68951.jpg,375,500,Ambrosia ambrosioides,06603_Plantae_Tracheophyta_Magnoliopsida_Asterales_Asteraceae_Ambrosia_ambrosioides
train_mini,956659,6603,train_mini/06603_Plantae_Tracheophyta_Magnoliopsida_Asterales_Asteraceae_Ambrosia_ambrosioides/3119e7ca-4b24-4aca-995f-89b3767f4a42.jpg,500,375,Ambrosia ambrosioides,06603_Plantae_Tracheophyta_Magnoliopsida_Asterales_Asteraceae_Ambrosia_ambrosioides
train_mini,1129506,6603,train_mini/06603_Plantae_Tracheophyta_Magnoliopsida_Asterales_Asteraceae_Ambrosia_ambrosioides/848fd1cc-2649-44f0-bb25-1c6c596f9d66.jpg,500,375,Ambrosia ambrosioides,06603_Plantae_Tracheophyta_Magnoliopsida_Asterales_Asteraceae_Ambrosia_ambrosioides
train_mini,1141007,6603,train_mini/06603_Plantae_Tracheophyta_Magnoliopsida_Asterales_Asteraceae_Ambrosia_ambrosioides/50d7f123-a91f-4b1b-a1b4-4f60edcc7d27.jpg,375,500,Ambrosia ambrosioides,06603_Plantae_Tracheophyta_Magnoliopsida_Asterales_Asteraceae_Ambrosia_ambrosioides
train_mini,1145040,6603,train_mini/06603_Plantae_Tracheophyta_Magnoliopsida_Asterales_Asteraceae_Ambrosia_ambrosioides/e9b7b128-7ff3-445d-80b0-eac2a2e23c25.jpg,281,500,Ambrosia ambrosioides,06603_Plantae_Tracheophyta_Magnoliopsida_Asterales_Asteraceae_Ambrosia_ambrosioides
train_mini,1182625,6603,train_mini/06603_Plantae_Tracheophyta_Magnoliopsida_Asterales_Asteraceae_Ambrosia_ambrosioides/4e597603-3fab-4ce4-84e5-69b0132e0fef.jpg,375,500,Ambrosia ambrosioides,06603_Plantae_Tracheophyta_Magnoliopsida_Asterales_Asteraceae_Ambrosia_ambrosioides
train_mini,1233534,6603,train_mini/06603_Plantae_Tracheophyta_Magnoliopsida_Asterales_Asteraceae_Ambrosia_ambrosioides/3373af20-7a46-4092-8dd0-06928fcf48d4.jpg,375,500,Ambrosia ambrosioides,06603_Plantae_Tracheophyta_Magnoliopsida_Asterales_Asteraceae_Ambrosia_ambrosioides
train_mini,1287955,6603,train_mini/06603_Plantae_Tracheophyta_Magnoliopsida_Asterales_Asteraceae_Ambrosia_ambrosioides/cf18a7a2-1b89-401e-9be6-b88de70571d1.jpg,500,375,Ambrosia ambrosioides,06603_Plantae_Tracheophyta_Magnoliopsida_Asterales_Asteraceae_Ambrosia_ambrosioides
train_mini,1306917,6603,train_mini/06603_Plantae_Tracheophyta_Magnoliopsida_Asterales_Asteraceae_Ambrosia_ambrosioides/91592deb-3804-4d06-bf0c-a360c278deeb.jpg,375,500,Ambrosia ambrosioides,06603_Plantae_Tracheophyta_Magnoliopsida_Asterales_Asteraceae_Ambrosia_ambrosioides
train_mini,1347030,6603,train_mini/06603_Plantae_Tracheophyta_Magnoliopsida_Asterales_Asteraceae_Ambrosia_ambrosioides/13ff1b0d-c3ab-468c-9a40-3172e7ce4feb.jpg,500,375,Ambrosia ambrosioides,06603_Plantae_Tracheophyta_Magnoliopsida_Asterales_Asteraceae_Ambrosia_ambrosioides
train_mini,1366024,6603,train_mini/06603_Plantae_Tracheophyta_Magnoliopsida_Asterales_Asteraceae_Ambrosia_ambrosioides/7004e7c1-c6f4-498f-81ce-edecd4fe859f.jpg,333,500,Ambrosia ambrosioides,06603_Plantae_Tracheophyta_Magnoliopsida_Asterales_Asteraceae_Ambrosia_ambrosioides
train_mini,1371937,6603,train_mini/06603_Plantae_Tracheophyta_Magnoliopsida_Asterales_Asteraceae_Ambrosia_ambrosioides/ebf39293-85ba-4cde-8ce4-30aebac74656.jpg,500,375,Ambrosia ambrosioides,06603_Plantae_Tracheophyta_Magnoliopsida_Asterales_Asteraceae_Ambrosia_ambrosioides
train_mini,1374949,6603,train_mini/06603_Plantae_Tracheophyta_Magnoliopsida_Asterales_Asteraceae_Ambrosia_ambrosioides/07949938-0f7e-4bfa-b7d7-cd52694c1476.jpg,500,333,Ambrosia ambrosioides,06603_Plantae_Tracheophyta_Magnoliopsida_Asterales_Asteraceae_Ambrosia_ambrosioides
train_mini,1376853,6603,train_mini/06603_Plantae_Tracheophyta_Magnoliopsida_Asterales_Asteraceae_Ambrosia_ambrosioides/211c3afd-5d1c-4eaa-90b3-2ddaba09523c.jpg,375,500,Ambrosia ambrosioides,06603_Plantae_Tracheophyta_Magnoliopsida_Asterales_Asteraceae_Ambrosia_ambrosioides
train_mini,1380737,6603,train_mini/06603_Plantae_Tracheophyta_Magnoliopsida_Asterales_Asteraceae_Ambrosia_ambrosioides/88d2312e-80a6-4484-91b9-2f7b8fa21774.jpg,375,500,Ambrosia ambrosioides,06603_Plantae_Tracheophyta_Magnoliopsida_Asterales_Asteraceae_Ambrosia_ambrosioides
train_mini,1413343,6603,train_mini/06603_Plantae_Tracheophyta_Magnoliopsida_Asterales_Asteraceae_Ambrosia_ambrosioides/42aacde5-e367-4ec2-a981-cdf5fd3fd1bc.jpg,375,500,Ambrosia ambrosioides,06603_Plantae_Tracheophyta_Magnoliopsida_Asterales_Asteraceae_Ambrosia_ambrosioides
train_mini,1428207,6603,train_mini/06603_Plantae_Tracheophyta_Magnoliopsida_Asterales_Asteraceae_Ambrosia_ambrosioides/836dff67-a1b2-48e0-8f0c-b503308cca8e.jpg,500,375,Ambrosia ambrosioides,06603_Plantae_Tracheophyta_Magnoliopsida_Asterales_Asteraceae_Ambrosia_ambrosioides
train_mini,1428517,6603,train_mini/06603_Plantae_Tracheophyta_Magnoliopsida_Asterales_Asteraceae_Ambrosia_ambrosioides/562129e3-768c-4e5a-a534-ad61e1a6ae4e.jpg,500,375,Ambrosia ambrosioides,06603_Plantae_Tracheophyta_Magnoliopsida_Asterales_Asteraceae_Ambrosia_ambrosioides
train_mini,1437544,6603,train_mini/06603_Plantae_Tracheophyta_Magnoliopsida_Asterales_Asteraceae_Ambrosia_ambrosioides/8697e80d-1214-46fe-b8a2-1cf2a35581af.jpg,500,333,Ambrosia ambrosioides,06603_Plantae_Tracheophyta_Magnoliopsida_Asterales_Asteraceae_Ambrosia_ambrosioides
train_mini,1441370,6603,train_mini/06603_Plantae_Tracheophyta_Magnoliopsida_Asterales_Asteraceae_Ambrosia_ambrosioides/f8859ed9-6f83-411e-aa40-26211526871d.jpg,375,500,Ambrosia ambrosioides,06603_Plantae_Tracheophyta_Magnoliopsida_Asterales_Asteraceae_Ambrosia_ambrosioides
train_mini,1486084,6603,train_mini/06603_Plantae_Tracheophyta_Magnoliopsida_Asterales_Asteraceae_Ambrosia_ambrosioides/d8a6ae08-f58b-4f54-84f9-bd45c765e9cc.jpg,500,281,Ambrosia ambrosioides,06603_Plantae_Tracheophyta_Magnoliopsida_Asterales_Asteraceae_Ambrosia_ambrosioides
train_mini,1509739,6603,train_mini/06603_Plantae_Tracheophyta_Magnoliopsida_Asterales_Asteraceae_Ambrosia_ambrosioides/7e017b20-e1fc-4975-a008-6f79c605eef6.jpg,375,500,Ambrosia ambrosioides,06603_Plantae_Tracheophyta_Magnoliopsida_Asterales_Asteraceae_Ambrosia_ambrosioides
train_mini,1524001,6603,train_mini/06603_Plantae_Tracheophyta_Magnoliopsida_Asterales_Asteraceae_Ambrosia_ambrosioides/7e9f2dda-7900-4be5-9dfd-84c486befcf2.jpg,375,500,Ambrosia ambrosioides,06603_Plantae_Tracheophyta_Magnoliopsida_Asterales_Asteraceae_Ambrosia_ambrosioides
train_mini,1542146,6603,train_mini/06603_Plantae_Tracheophyta_Magnoliopsida_Asterales_Asteraceae_Ambrosia_ambrosioides/0186c10e-7a57-462f-a086-8b748397c67a.jpg,375,500,Ambrosia ambrosioides,06603_Plantae_Tracheophyta_Magnoliopsida_Asterales_Asteraceae_Ambrosia_ambrosioides
train_mini,1645361,6603,train_mini/06603_Plantae_Tracheophyta_Magnoliopsida_Asterales_Asteraceae_Ambrosia_ambrosioides/fbe1f711-e9d5-4a75-839e-87d8e48f96ae.jpg,500,375,Ambrosia ambrosioides,06603_Plantae_Tracheophyta_Magnoliopsida_Asterales_Asteraceae_Ambrosia_ambrosioides
train_mini,1663118,6603,train_mini/06603_Plantae_Tracheophyta_Magnoliopsida_Asterales_Asteraceae_Ambrosia_ambrosioides/6e29602d-54b0-4529-9ada-23c9dd63e116.jpg,500,375,Ambrosia ambrosioides,06603_Plantae_Tracheophyta_Magnoliopsida_Asterales_Asteraceae_Ambrosia_ambrosioides
train_mini,2123471,6603,train_mini/06603_Plantae_Tracheophyta_Magnoliopsida_Asterales_Asteraceae_Ambrosia_ambrosioides/6ba788dd-f1a8-424c-a0a4-c32824fbe6fa.jpg,500,375,Ambrosia ambrosioides,06603_Plantae_Tracheophyta_Magnoliopsida_Asterales_Asteraceae_Ambrosia_ambrosioides
train_mini,2202435,6603,train_mini/06603_Plantae_Tracheophyta_Magnoliopsida_Asterales_Asteraceae_Ambrosia_ambrosioides/24813b89-f865-43a6-b429-a4f44ee3da71.jpg,375,500,Ambrosia ambrosioides,06603_Plantae_Tracheophyta_Magnoliopsida_Asterales_Asteraceae_Ambrosia_ambrosioides
train_mini,2262420,6603,train_mini/06603_Plantae_Tracheophyta_Magnoliopsida_Asterales_Asteraceae_Ambrosia_ambrosioides/3b80abb2-becb-4702-87fb-668c7d947e3e.jpg,375,500,Ambrosia ambrosioides,06603_Plantae_Tracheophyta_Magnoliopsida_Asterales_Asteraceae_Ambrosia_ambrosioides
train_mini,2501420,6603,train_mini/06603_Plantae_Tracheophyta_Magnoliopsida_Asterales_Asteraceae_Ambrosia_ambrosioides/0f85167f-1c4e-4bef-923b-462e06d63085.jpg,500,391,Ambrosia ambrosioides,06603_Plantae_Tracheophyta_Magnoliopsida_Asterales_Asteraceae_Ambrosia_ambrosioides
train_mini,670140,7888,train_mini/07888_Plantae_Tracheophyta_Magnoliopsida_Fabales_Fabaceae_Acacia_confusa/d8721adb-a814-4d7d-8c4e-ef7c02c402f8.jpg,500,333,Acacia confusa,07888_Plantae_Tracheophyta_Magnoliopsida_Fabales_Fabaceae_Acacia_confusa
train_mini,712097,7888,train_mini/07888_Plantae_Tracheophyta_Magnoliopsida_Fabales_Fabaceae_Acacia_confusa/66635558-7ce0-488a-8039-3cef7b360a94.jpg,500,343,Acacia confusa,07888_Plantae_Tracheophyta_Magnoliopsida_Fabales_Fabaceae_Acacia_confusa
train_mini,776346,7888,train_mini/07888_Plantae_Tracheophyta_Magnoliopsida_Fabales_Fabaceae_Acacia_confusa/a844dee7-bb0a-462c-b88a-c2f5334806e6.jpg,375,500,Acacia confusa,07888_Plantae_Tracheophyta_Magnoliopsida_Fabales_Fabaceae_Acacia_confusa
train_mini,790124,7888,train_mini/07888_Plantae_Tracheophyta_Magnoliopsida_Fabales_Fabaceae_Acacia_confusa/a48ae1a0-986c-4336-8894-239c648e340a.jpg,500,375,Acacia confusa,07888_Plantae_Tracheophyta_Magnoliopsida_Fabales_Fabaceae_Acacia_confusa
train_mini,797136,7888,train_mini/07888_Plantae_Tracheophyta_Magnoliopsida_Fabales_Fabaceae_Acacia_confusa/c40e198c-32ca-4474-af82-4c95a528def5.jpg,375,500,Acacia confusa,07888_Plantae_Tracheophyta_Magnoliopsida_Fabales_Fabaceae_Acacia_confusa
train_mini,804794,7888,train_mini/07888_Plantae_Tracheophyta_Magnoliopsida_Fabales_Fabaceae_Acacia_confusa/07fe3571-4fc5-40a6-98fb-94bca97deb70.jpg,500,333,Acacia confusa,07888_Plantae_Tracheophyta_Magnoliopsida_Fabales_Fabaceae_Acacia_confusa
train_mini,924781,7888,train_mini/07888_Plantae_Tracheophyta_Magnoliopsida_Fabales_Fabaceae_Acacia_confusa/9700edd2-611a-4bbd-b23c-ad1dbd813fca.jpg,500,335,Acacia confusa,07888_Plantae_Tracheophyta_Magnoliopsida_Fabales_Fabaceae_Acacia_confusa
train_mini,959552,7888,train_mini/07888_Plantae_Tracheophyta_Magnoliopsida_Fabales_Fabaceae_Acacia_confusa/d13538d3-bb97-40b5-a09d-27c316fc4be3.jpg,500,375,Acacia confusa,07888_Plantae_Tracheophyta_Magnoliopsida_Fabales_Fabaceae_Acacia_confusa
train_mini,1079587,7888,train_mini/07888_Plantae_Tracheophyta_Magnoliopsida_Fabales_Fabaceae_Acacia_confusa/640642be-2d01-45fc-86fe-e32a58d0cde6.jpg,500,333,Acacia confusa,07888_Plantae_Tracheophyta_Magnoliopsida_Fabales_Fabaceae_Acacia_confusa
train_mini,1094304,7888,train_mini/07888_Plantae_Tracheophyta_Magnoliopsida_Fabales_Fabaceae_Acacia_confusa/a1eefeef-846a-4cad-bd74-09e05cd17382.jpg,500,332,Acacia confusa,07888_Plantae_Tracheophyta_Magnoliopsida_Fabales_Fabaceae_Acacia_confusa
train_mini,1115770,7888,train_mini/07888_Plantae_Tracheophyta_Magnoliopsida_Fabales_Fabaceae_Acacia_confusa/b73cc278-b01f-466a-8dea-e8db029feaa7.jpg,500,375,Acacia confusa,07888_Plantae_Tracheophyta_Magnoliopsida_Fabales_Fabaceae_Acacia_confusa
train_mini,1164648,7888,train_mini/07888_Plantae_Tracheophyta_Magnoliopsida_Fabales_Fabaceae_Acacia_confusa/84bdc519-a03b-4531-92d9-fd822cf2f167.jpg,375,500,Acacia confusa,07888_Plantae_Tracheophyta_Magnoliopsida_Fabales_Fabaceae_Acacia_confusa
train_mini,1196023,7888,train_mini/07888_Plantae_Tracheophyta_Magnoliopsida_Fabales_Fabaceae_Acacia_confusa/eb782e91-d47c-4ce0-af0a-fe26373130c1.jpg,281,500,Acacia confusa,07888_Plantae_Tracheophyta_Magnoliopsida_Fabales_Fabaceae_Acacia_confusa
train_mini,1210226,7888,train_mini/07888_Plantae_Tracheophyta_Magnoliopsida_Fabales_Fabaceae_Acacia_confusa/20c19fae-a466-4084-a2cc-0baf074a510f.jpg,375,500,Acacia confusa,07888_Plantae_Tracheophyta_Magnoliopsida_Fabales_Fabaceae_Acacia_confusa
train_mini,1210270,7888,train_mini/07888_Plantae_Tracheophyta_Magnoliopsida_Fabales_Fabaceae_Acacia_confusa/e3c2ddde-da0c-4f7d-a1f2-6b369d1a7c17.jpg,375,500,Acacia confusa,07888_Plantae_Tracheophyta_Magnoliopsida_Fabales_Fabaceae_Acacia_confusa
train_mini,1211892,7888,train_mini/07888_Plantae_Tracheophyta_Magnoliopsida_Fabales_Fabaceae_Acacia_confusa/d282842b-fbef-4cfc-8221-1dad8f078514.jpg,375,500,Acacia confusa,07888_Plantae_Tracheophyta_Magnoliopsida_Fabales_Fabaceae_Acacia_confusa
train_mini,1214859,7888,train_mini/07888_Plantae_Tracheophyta_Magnoliopsida_Fabales_Fabaceae_Acacia_confusa/f20f438f-9865-4f81-a4a5-0b606e6a2314.jpg,375,500,Acacia confusa,07888_Plantae_Tracheophyta_Magnoliopsida_Fabales_Fabaceae_Acacia_confusa
train_mini,1226480,7888,train_mini/07888_Plantae_Tracheophyta_Magnoliopsida_Fabales_Fabaceae_Acacia_confusa/350c3ea2-6700-4cc6-9008-aa8a88041f0f.jpg,500,333,Acacia confusa,07888_Plantae_Tracheophyta_Magnoliopsida_Fabales_Fabaceae_Acacia_confusa
train_mini,1232293,7888,train_mini/07888_Plantae_Tracheophyta_Magnoliopsida_Fabales_Fabaceae_Acacia_confusa/8e34b3d7-38e5-400a-a72d-6088f795b147.jpg,375,500,Acacia confusa,07888_Plantae_Tracheophyta_Magnoliopsida_Fabales_Fabaceae_Acacia_confusa
train_mini,1244475,7888,train_mini/07888_Plantae_Tracheophyta_Magnoliopsida_Fabales_Fabaceae_Acacia_confusa/1b53e2d0-b3bc-4494-94c7-0146a130568c.jpg,375,500,Acacia confusa,07888_Plantae_Tracheophyta_Magnoliopsida_Fabales_Fabaceae_Acacia_confusa
train_mini,1258475,7888,train_mini/07888_Plantae_Tracheophyta_Magnoliopsida_Fabales_Fabaceae_Acacia_confusa/8913cac2-6a24-456e-a193-ee342aa17e99.jpg,281,500,Acacia confusa,07888_Plantae_Tracheophyta_Magnoliopsida_Fabales_Fabaceae_Acacia_confusa
train_mini,1292663,7888,train_mini/07888_Plantae_Tracheophyta_Magnoliopsida_Fabales_Fabaceae_Acacia_confusa/290de147-7eb6-4877-b93f-90dfd5d299c6.jpg,500,375,Acacia confusa,07888_Plantae_Tracheophyta_Magnoliopsida_Fabales_Fabaceae_Acacia_confusa
train_mini,1328875,7888,train_mini/07888_Plantae_Tracheophyta_Magnoliopsida_Fabales_Fabaceae_Acacia_confusa/e491a289-d006-4adf-b439-9900d79ac2f0.jpg,500,375,Acacia confusa,07888_Plantae_Tracheophyta_Magnoliopsida_Fabales_Fabaceae_Acacia_confusa
train_mini,1329263,7888,train_mini/07888_Plantae_Tracheophyta_Magnoliopsida_Fabales_Fabaceae_Acacia_confusa/f7d7a4aa-3a5f-41a3-9fa6-b12b4cd2c619.jpg,500,333,Acacia confusa,07888_Plantae_Tracheophyta_Magnoliopsida_Fabales_Fabaceae_Acacia_confusa
train_mini,1346973,7888,train_mini/07888_Plantae_Tracheophyta_Magnoliopsida_Fabales_Fabaceae_Acacia_confusa/013cc9a0-83a2-4cd5-ba36-9ebd8aba0dfa.jpg,375,500,Acacia confusa,07888_Plantae_Tracheophyta_Magnoliopsida_Fabales_Fabaceae_Acacia_confusa
train_mini,1350285,7888,train_mini/07888_Plantae_Tracheophyta_Magnoliopsida_Fabales_Fabaceae_Acacia_confusa/c641b1c6-1dec-4af8-8f46-de024654019a.jpg,500,333,Acacia confusa,07888_Plantae_Tracheophyta_Magnoliopsida_Fabales_Fabaceae_Acacia_confusa
train_mini,1356742,7888,train_mini/07888_Plantae_Tracheophyta_Magnoliopsida_Fabales_Fabaceae_Acacia_confusa/dd5f3778-26ff-4ea0-ad7e-63dfdfcb7e13.jpg,500,375,Acacia confusa,07888_Plantae_Tracheophyta_Magnoliopsida_Fabales_Fabaceae_Acacia_confusa
train_mini,1360207,7888,train_mini/07888_Plantae_Tracheophyta_Magnoliopsida_Fabales_Fabaceae_Acacia_confusa/7d63177d-cdb2-41d6-9d10-cc40c04ed90e.jpg,500,375,Acacia confusa,07888_Plantae_Tracheophyta_Magnoliopsida_Fabales_Fabaceae_Acacia_confusa
train_mini,1499071,7888,train_mini/07888_Plantae_Tracheophyta_Magnoliopsida_Fabales_Fabaceae_Acacia_confusa/91b04483-212f-4abf-b007-e622b10e481d.jpg,500,375,Acacia confusa,07888_Plantae_Tracheophyta_Magnoliopsida_Fabales_Fabaceae_Acacia_confusa
train_mini,1557550,7888,train_mini/07888_Plantae_Tracheophyta_Magnoliopsida_Fabales_Fabaceae_Acacia_confusa/0cc9d6cc-cbd3-4816-9d95-e02823be8601.jpg,500,333,Acacia confusa,07888_Plantae_Tracheophyta_Magnoliopsida_Fabales_Fabaceae_Acacia_confusa
train_mini,1560916,7888,train_mini/07888_Plantae_Tracheophyta_Magnoliopsida_Fabales_Fabaceae_Acacia_confusa/9383ff53-9106-4153-8257-37fa1453f9aa.jpg,281,500,Acacia confusa,07888_Plantae_Tracheophyta_Magnoliopsida_Fabales_Fabaceae_Acacia_confusa
train_mini,1569877,7888,train_mini/07888_Plantae_Tracheophyta_Magnoliopsida_Fabales_Fabaceae_Acacia_confusa/20113627-793f-4f54-b049-b1f748289357.jpg,281,500,Acacia confusa,07888_Plantae_Tracheophyta_Magnoliopsida_Fabales_Fabaceae_Acacia_confusa
train_mini,1571133,7888,train_mini/07888_Plantae_Tracheophyta_Magnoliopsida_Fabales_Fabaceae_Acacia_confusa/89e5c010-c656-45a0-88ed-42f02e933c3a.jpg,375,500,Acacia confusa,07888_Plantae_Tracheophyta_Magnoliopsida_Fabales_Fabaceae_Acacia_confusa
train_mini,1578776,7888,train_mini/07888_Plantae_Tracheophyta_Magnoliopsida_Fabales_Fabaceae_Acacia_confusa/ecd8491b-d60b-4403-9ea4-75368e467397.jpg,375,500,Acacia confusa,07888_Plantae_Tracheophyta_Magnoliopsida_Fabales_Fabaceae_Acacia_confusa
train_mini,1599344,7888,train_mini/07888_Plantae_Tracheophyta_Magnoliopsida_Fabales_Fabaceae_Acacia_confusa/3bf1c637-5a64-4c72-91d9-faf689a5d3b3.jpg,375,500,Acacia confusa,07888_Plantae_Tracheophyta_Magnoliopsida_Fabales_Fabaceae_Acacia_confusa
train_mini,1617297,7888,train_mini/07888_Plantae_Tracheophyta_Magnoliopsida_Fabales_Fabaceae_Acacia_confusa/e25d9947-6290-47cf-a7fc-a7658506dfa6.jpg,500,333,Acacia confusa,07888_Plantae_Tracheophyta_Magnoliopsida_Fabales_Fabaceae_Acacia_confusa
train_mini,1644813,7888,train_mini/07888_Plantae_Tracheophyta_Magnoliopsida_Fabales_Fabaceae_Acacia_confusa/f223129b-963a-4e1b-9b7d-9868a0a78601.jpg,500,375,Acacia confusa,07888_Plantae_Tracheophyta_Magnoliopsida_Fabales_Fabaceae_Acacia_confusa
train_mini,1663658,7888,train_mini/07888_Plantae_Tracheophyta_Magnoliopsida_Fabales_Fabaceae_Acacia_confusa/d2a06c67-b220-49ac-8841-aa2d1a7a403a.jpg,281,500,Acacia confusa,07888_Plantae_Tracheophyta_Magnoliopsida_Fabales_Fabaceae_Acacia_confusa
train_mini,1674500,7888,train_mini/07888_Plantae_Tracheophyta_Magnoliopsida_Fabales_Fabaceae_Acacia_confusa/f0cd024f-6be3-4ceb-a689-96d872148ec7.jpg,375,500,Acacia confusa,07888_Plantae_Tracheophyta_Magnoliopsida_Fabales_Fabaceae_Acacia_confusa
train_mini,1755282,7888,train_mini/07888_Plantae_Tracheophyta_Magnoliopsida_Fabales_Fabaceae_Acacia_confusa/27e22b86-5db2-4fae-9268-51ac2bad2f27.jpg,500,375,Acacia confusa,07888_Plantae_Tracheophyta_Magnoliopsida_Fabales_Fabaceae_Acacia_confusa
train_mini,1804348,7888,train_mini/07888_Plantae_Tracheophyta_Magnoliopsida_Fabales_Fabaceae_Acacia_confusa/f4035e47-666f-4f76-bcac-49b15b6a6567.jpg,281,500,Acacia confusa,07888_Plantae_Tracheophyta_Magnoliopsida_Fabales_Fabaceae_Acacia_confusa
train_mini,1844991,7888,train_mini/07888_Plantae_Tracheophyta_Magnoliopsida_Fabales_Fabaceae_Acacia_confusa/9a81dc4f-21e2-4e55-aa25-971a092e5350.jpg,500,375,Acacia confusa,07888_Plantae_Tracheophyta_Magnoliopsida_Fabales_Fabaceae_Acacia_confusa
train_mini,1873650,7888,train_mini/07888_Plantae_Tracheophyta_Magnoliopsida_Fabales_Fabaceae_Acacia_confusa/62575b84-38df-467c-ac33-a89bbcf21abd.jpg,375,500,Acacia confusa,07888_Plantae_Tracheophyta_Magnoliopsida_Fabales_Fabaceae_Acacia_confusa
train_mini,1882556,7888,train_mini/07888_Plantae_Tracheophyta_Magnoliopsida_Fabales_Fabaceae_Acacia_confusa/64f27996-4914-4e8e-8eca-b74dc200ad0c.jpg,375,500,Acacia confusa,07888_Plantae_Tracheophyta_Magnoliopsida_Fabales_Fabaceae_Acacia_confusa
train_mini,1979516,7888,train_mini/07888_Plantae_Tracheophyta_Magnoliopsida_Fabales_Fabaceae_Acacia_confusa/276b2748-bdef-4ee2-b614-10b88b96bc8a.jpg,500,375,Acacia confusa,07888_Plantae_Tracheophyta_Magnoliopsida_Fabales_Fabaceae_Acacia_confusa
train_mini,2241120,7888,train_mini/07888_Plantae_Tracheophyta_Magnoliopsida_Fabales_Fabaceae_Acacia_confusa/b7c9e0d5-8343-4dcd-9cfc-97af9430d09d.jpg,500,375,Acacia confusa,07888_Plantae_Tracheophyta_Magnoliopsida_Fabales_Fabaceae_Acacia_confusa
train_mini,2249349,7888,train_mini/07888_Plantae_Tracheophyta_Magnoliopsida_Fabales_Fabaceae_Acacia_confusa/7a6680e4-05e3-4dfc-a9d0-9ab7326b2efc.jpg,375,500,Acacia confusa,07888_Plantae_Tracheophyta_Magnoliopsida_Fabales_Fabaceae_Acacia_confusa
train_mini,2270741,7888,train_mini/07888_Plantae_Tracheophyta_Magnoliopsida_Fabales_Fabaceae_Acacia_confusa/04209606-ca9c-445e-abcc-f9ec81036480.jpg,500,375,Acacia confusa,07888_Plantae_Tracheophyta_Magnoliopsida_Fabales_Fabaceae_Acacia_confusa
train_mini,2335522,7888,train_mini/07888_Plantae_Tracheophyta_Magnoliopsida_Fabales_Fabaceae_Acacia_confusa/884efa78-ffcd-45a7-aac6-3dba5b91badf.jpg,500,281,Acacia confusa,07888_Plantae_Tracheophyta_Magnoliopsida_Fabales_Fabaceae_Acacia_confusa
train_mini,2367228,7888,train_mini/07888_Plantae_Tracheophyta_Magnoliopsida_Fabales_Fabaceae_Acacia_confusa/e13919da-1dc3-49ae-9bd8-739b3c952d7c.jpg,375,500,Acacia confusa,07888_Plantae_Tracheophyta_Magnoliopsida_Fabales_Fabaceae_Acacia_confusa
train_mini,19199,7898,train_mini/07898_Plantae_Tracheophyta_Magnoliopsida_Fabales_Fabaceae_Acmispon_americanus/9d81d00c-578f-4872-92b3-4e3933dbcc99.jpg,500,431,Acmispon americanus,07898_Plantae_Tracheophyta_Magnoliopsida_Fabales_Fabaceae_Acmispon_americanus
train_mini,21257,7898,train_mini/07898_Plantae_Tracheophyta_Magnoliopsida_Fabales_Fabaceae_Acmispon_americanus/6aad8b55-2bd7-4070-9f28-84041e44f475.jpg,500,375,Acmispon americanus,07898_Plantae_Tracheophyta_Magnoliopsida_Fabales_Fabaceae_Acmispon_americanus
train_mini,22201,7898,train_mini/07898_Plantae_Tracheophyta_Magnoliopsida_Fabales_Fabaceae_Acmispon_americanus/366bd8f3-ebcd-4bb6-831b-4a7ef90b1a17.jpg,358,480,Acmispon americanus,07898_Plantae_Tracheophyta_Magnoliopsida_Fabales_Fabaceae_Acmispon_americanus
train_mini,108849,7898,train_mini/07898_Plantae_Tracheophyta_Magnoliopsida_Fabales_Fabaceae_Acmispon_americanus/b7ac6f25-45a7-4401-a323-9fe65959e09e.jpg,500,281,Acmispon americanus,07898_Plantae_Tracheophyta_Magnoliopsida_Fabales_Fabaceae_Acmispon_americanus
train_mini,131237,7898,train_mini/07898_Plantae_Tracheophyta_Magnoliopsida_Fabales_Fabaceae_Acmispon_americanus/b284651c-c4be-4c53-a237-afb617edb439.jpg,375,500,Acmispon americanus,07898_Plantae_Tracheophyta_Magnoliopsida_Fabales_Fabaceae_Acmispon_americanus
train_mini,224292,7898,train_mini/07898_Plantae_Tracheophyta_Magnoliopsida_Fabales_Fabaceae_Acmispon_americanus/364745bc-563a-4eaa-a269-aa2ca898f2f6.jpg,500,375,Acmispon americanus,07898_Plantae_Tracheophyta_Magnoliopsida_Fabales_Fabaceae_Acmispon_americanus
train_mini,238108,7898,train_mini/07898_Plantae_Tracheophyta_Magnoliopsida_Fabales_Fabaceae_Acmispon_americanus/41d69e62-95ec-4b5a-b407-526e52a9ff5d.jpg,500,375,Acmispon americanus,07898_Plantae_Tracheophyta_Magnoliopsida_Fabales_Fabaceae_Acmispon_americanus
train_mini,256126,7898,train_mini/07898_Plantae_Tracheophyta_Magnoliopsida_Fabales_Fabaceae_Acmispon_americanus/38034af8-b103-4185-a5e1-3aa6cc85e8ed.jpg,500,375,Acmispon americanus,07898_Plantae_Tracheophyta_Magnoliopsida_Fabales_Fabaceae_Acmispon_americanus
train_mini,268198,7898,train_mini/07898_Plantae_Tracheophyta_Magnoliopsida_Fabales_Fabaceae_Acmispon_americanus/c9c9572a-d72a-46ce-836d-7234806fb39f.jpg,375,500,Acmispon americanus,07898_Plantae_Tracheophyta_Magnoliopsida_Fabales_Fabaceae_Acmispon_americanus
train_mini,421671,7898,train_mini/07898_Plantae_Tracheophyta_Magnoliopsida_Fabales_Fabaceae_Acmispon_americanus/06b5e3ba-45db-4b4c-8f7d-48c70017c2d7.jpg,500,375,Acmispon americanus,07898_Plantae_Tracheophyta_Magnoliopsida_Fabales_Fabaceae_Acmispon_americanus
train_mini,425513,7898,train_mini/07898_Plantae_Tracheophyta_Magnoliopsida_Fabales_Fabaceae_Acmispon_americanus/5aad38ed-e1d6-436e-a2be-92ca0152233d.jpg,500,375,Acmispon americanus,07898_Plantae_Tracheophyta_Magnoliopsida_Fabales_Fabaceae_Acmispon_americanus
train_mini,439799,7898,train_mini/07898_Plantae_Tracheophyta_Magnoliopsida_Fabales_Fabaceae_Acmispon_americanus/b5d6cf6a-5e9e-4b68-9f1a-ccb38c7805e3.jpg,500,333,Acmispon americanus,07898_Plantae_Tracheophyta_Magnoliopsida_Fabales_Fabaceae_Acmispon_americanus
train_mini,520829,7898,train_mini/07898_Plantae_Tracheophyta_Magnoliopsida_Fabales_Fabaceae_Acmispon_americanus/60eb2265-b1b1-45da-b627-9580a38c98d2.jpg,375,500,Acmispon americanus,07898_Plantae_Tracheophyta_Magnoliopsida_Fabales_Fabaceae_Acmispon_americanus
train_mini,550149,7898,train_mini/07898_Plantae_Tracheophyta_Magnoliopsida_Fabales_Fabaceae_Acmispon_americanus/5ab7181a-2283-4afa-b241-51d6dd3219a9.jpg,375,500,Acmispon americanus,07898_Plantae_Tracheophyta_Magnoliopsida_Fabales_Fabaceae_Acmispon_americanus
train_mini,752172,7898,train_mini/07898_Plantae_Tracheophyta_Magnoliopsida_Fabales_Fabaceae_Acmispon_americanus/dad87137-f28c-4d30-8717-1138acbb4b7f.jpg,500,375,Acmispon americanus,07898_Plantae_Tracheophyta_Magnoliopsida_Fabales_Fabaceae_Acmispon_americanus
train_mini,780207,7898,train_mini/07898_Plantae_Tracheophyta_Magnoliopsida_Fabales_Fabaceae_Acmispon_americanus/180530c4-00a8-407f-9a61-bd80cd596dff.jpg,375,500,Acmispon americanus,07898_Plantae_Tracheophyta_Magnoliopsida_Fabales_Fabaceae_Acmispon_americanus
train_mini,781629,7898,train_mini/07898_Plantae_Tracheophyta_Magnoliopsida_Fabales_Fabaceae_Acmispon_americanus/58b672c1-a6d1-49f2-9daa-212ef66172b2.jpg,500,385,Acmispon americanus,07898_Plantae_Tracheophyta_Magnoliopsida_Fabales_Fabaceae_Acmispon_americanus
train_mini,865526,7898,train_mini/07898_Plantae_Tracheophyta_Magnoliopsida_Fabales_Fabaceae_Acmispon_americanus/298d22c3-18d1-4481-a61e-e910cc241565.jpg,500,375,Acmispon americanus,07898_Plantae_Tracheophyta_Magnoliopsida_Fabales_Fabaceae_Acmispon_americanus
train_mini,972339,7898,train_mini/07898_Plantae_Tracheophyta_Magnoliopsida_Fabales_Fabaceae_Acmispon_americanus/566e9bb6-bfc5-4a2b-996f-478a9c74802e.jpg,500,407,Acmispon americanus,07898_Plantae_Tracheophyta_Magnoliopsida_Fabales_Fabaceae_Acmispon_americanus
train_mini,995695,7898,train_mini/07898_Plantae_Tracheophyta_Magnoliopsida_Fabales_Fabaceae_Acmispon_americanus/e3a51cf0-0a10-42b6-a1f6-b102b2aaa2c8.jpg,375,500,Acmispon americanus,07898_Plantae_Tracheophyta_Magnoliopsida_Fabales_Fabaceae_Acmispon_americanus
train_mini,1010033,7898,train_mini/07898_Plantae_Tracheophyta_Magnoliopsida_Fabales_Fabaceae_Acmispon_americanus/28e7b624-d11c-4372-afc8-5d6482b0bd12.jpg,500,333,Acmispon americanus,07898_Plantae_Tracheophyta_Magnoliopsida_Fabales_Fabaceae_Acmispon_americanus
train_mini,1045293,7898,train_mini/07898_Plantae_Tracheophyta_Magnoliopsida_Fabales_Fabaceae_Acmispon_americanus/9a5ea31d-01fe-44a4-9eef-fbffba54a067.jpg,500,375,Acmispon americanus,07898_Plantae_Tracheophyta_Magnoliopsida_Fabales_Fabaceae_Acmispon_americanus
train_mini,1084534,7898,train_mini/07898_Plantae_Tracheophyta_Magnoliopsida_Fabales_Fabaceae_Acmispon_americanus/b1bf5f01-8430-4009-bc95-fc94479059e4.jpg,500,375,Acmispon americanus,07898_Plantae_Tracheophyta_Magnoliopsida_Fabales_Fabaceae_Acmispon_americanus
train_mini,1574648,7898,train_mini/07898_Plantae_Tracheophyta_Magnoliopsida_Fabales_Fabaceae_Acmispon_americanus/8eead512-4fb5-40ec-8ae1-b52cc28fe890.jpg,500,375,Acmispon americanus,07898_Plantae_Tracheophyta_Magnoliopsida_Fabales_Fabaceae_Acmispon_americanus
train_mini,1843470,7898,train_mini/07898_Plantae_Tracheophyta_Magnoliopsida_Fabales_Fabaceae_Acmispon_americanus/6b5f3006-e4b1-462b-9298-279515841f74.jpg,500,500,Acmispon americanus,07898_Plantae_Tracheophyta_Magnoliopsida_Fabales_Fabaceae_Acmispon_americanus
train_mini,1856995,7898,train_mini/07898_Plantae_Tracheophyta_Magnoliopsida_Fabales_Fabaceae_Acmispon_americanus/69259438-5edc-4c0a-9936-0627fae505dd.jpg,500,375,Acmispon americanus,07898_Plantae_Tracheophyta_Magnoliopsida_Fabales_Fabaceae_Acmispon_americanus
train_mini,1872310,7898,train_mini/07898_Plantae_Tracheophyta_Magnoliopsida_Fabales_Fabaceae_Acmispon_americanus/b7db4053-e9f4-42e3-a03f-470380320691.jpg,375,500,Acmispon americanus,07898_Plantae_Tracheophyta_Magnoliopsida_Fabales_Fabaceae_Acmispon_americanus
train_mini,1895487,7898,train_mini/07898_Plantae_Tracheophyta_Magnoliopsida_Fabales_Fabaceae_Acmispon_americanus/cc662c4f-5b17-419b-83dc-f8134965ff5c.jpg,375,500,Acmispon americanus,07898_Plantae_Tracheophyta_Magnoliopsida_Fabales_Fabaceae_Acmispon_americanus
train_mini,1909545,7898,train_mini/07898_Plantae_Tracheophyta_Magnoliopsida_Fabales_Fabaceae_Acmispon_americanus/f4a3f81b-2dad-4095-ae32-7025846f6746.jpg,229,500,Acmispon americanus,07898_Plantae_Tracheophyta_Magnoliopsida_Fabales_Fabaceae_Acmispon_americanus
train_mini,1910993,7898,train_mini/07898_Plantae_Tracheophyta_Magnoliopsida_Fabales_Fabaceae_Acmispon_americanus/f3b3b9e9-966a-4fdf-8220-9e217c60e79e.jpg,500,281,Acmispon americanus,07898_Plantae_Tracheophyta_Magnoliopsida_Fabales_Fabaceae_Acmispon_americanus
train_mini,1934565,7898,train_mini/07898_Plantae_Tracheophyta_Magnoliopsida_Fabales_Fabaceae_Acmispon_americanus/7601f108-b5c8-4000-8733-70e563129beb.jpg,500,500,Acmispon americanus,07898_Plantae_Tracheophyta_Magnoliopsida_Fabales_Fabaceae_Acmispon_americanus
train_mini,1947002,7898,train_mini/07898_Plantae_Tracheophyta_Magnoliopsida_Fabales_Fabaceae_Acmispon_americanus/665ff6f6-2bcb-45a1-861b-50f6be67d843.jpg,375,500,Acmispon americanus,07898_Plantae_Tracheophyta_Magnoliopsida_Fabales_Fabaceae_Acmispon_americanus
train_mini,1957941,7898,train_mini/07898_Plantae_Tracheophyta_Magnoliopsida_Fabales_Fabaceae_Acmispon_americanus/e99e25d0-d877-49ff-8992-c33d463bdf61.jpg,375,500,Acmispon americanus,07898_Plantae_Tracheophyta_Magnoliopsida_Fabales_Fabaceae_Acmispon_americanus
train_mini,1958050,7898,train_mini/07898_Plantae_Tracheophyta_Magnoliopsida_Fabales_Fabaceae_Acmispon_americanus/731fbf2b-7546-452b-a84d-134b974fd73a.jpg,375,500,Acmispon americanus,07898_Plantae_Tracheophyta_Magnoliopsida_Fabales_Fabaceae_Acmispon_americanus
train_mini,1960255,7898,train_mini/07898_Plantae_Tracheophyta_Magnoliopsida_Fabales_Fabaceae_Acmispon_americanus/38819818-1d86-49e4-84c4-81ed9dcbbe9a.jpg,375,500,Acmispon americanus,07898_Plantae_Tracheophyta_Magnoliopsida_Fabales_Fabaceae_Acmispon_americanus
train_mini,1960768,7898,train_mini/07898_Plantae_Tracheophyta_Magnoliopsida_Fabales_Fabaceae_Acmispon_americanus/cef0357b-deaf-4979-ac3d-2b417f0766e5.jpg,375,500,Acmispon americanus,07898_Plantae_Tracheophyta_Magnoliopsida_Fabales_Fabaceae_Acmispon_americanus
train_mini,1991485,7898,train_mini/07898_Plantae_Tracheophyta_Magnoliopsida_Fabales_Fabaceae_Acmispon_americanus/cc7c624e-ceea-41c2-adf4-23c5df71a55c.jpg,375,500,Acmispon americanus,07898_Plantae_Tracheophyta_Magnoliopsida_Fabales_Fabaceae_Acmispon_americanus
train_mini,1998035,7898,train_mini/07898_Plantae_Tracheophyta_Magnoliopsida_Fabales_Fabaceae_Acmispon_americanus/cccc7b26-75e5-44f3-8895-e026bc1e3921.jpg,375,500,Acmispon americanus,07898_Plantae_Tracheophyta_Magnoliopsida_Fabales_Fabaceae_Acmispon_americanus
train_mini,2001220,7898,train_mini/07898_Plantae_Tracheophyta_Magnoliopsida_Fabales_Fabaceae_Acmispon_americanus/7d6522b6-bfd6-4079-9569-40c994f8ff53.jpg,375,500,Acmispon americanus,07898_Plantae_Tracheophyta_Magnoliopsida_Fabales_Fabaceae_Acmispon_americanus
train_mini,2001752,7898,train_mini/07898_Plantae_Tracheophyta_Magnoliopsida_Fabales_Fabaceae_Acmispon_americanus/a6b56e34-2466-4e54-8bdb-38fbe407e6e3.jpg,464,500,Acmispon americanus,07898_Plantae_Tracheophyta_Magnoliopsida_Fabales_Fabaceae_Acmispon_americanus
train_mini,2020279,7898,train_mini/07898_Plantae_Tracheophyta_Magnoliopsida_Fabales_Fabaceae_Acmispon_americanus/78e0d3b4-60d1-4948-a58e-c9e0c7f1c6ea.jpg,500,375,Acmispon americanus,07898_Plantae_Tracheophyta_Magnoliopsida_Fabales_Fabaceae_Acmispon_americanus
train_mini,2023578,7898,train_mini/07898_Plantae_Tracheophyta_Magnoliopsida_Fabales_Fabaceae_Acmispon_americanus/de605953-9d7f-43e8-881f-714ce286df5c.jpg,375,500,Acmispon americanus,07898_Plantae_Tracheophyta_Magnoliopsida_Fabales_Fabaceae_Acmispon_americanus
train_mini,2063263,7898,train_mini/07898_Plantae_Tracheophyta_Magnoliopsida_Fabales_Fabaceae_Acmispon_americanus/353849e2-71ef-4e1c-bd6c-369eb4ea0fba.jpg,375,500,Acmispon americanus,07898_Plantae_Tracheophyta_Magnoliopsida_Fabales_Fabaceae_Acmispon_americanus
train_mini,2086066,7898,train_mini/07898_Plantae_Tracheophyta_Magnoliopsida_Fabales_Fabaceae_Acmispon_americanus/bd80f419-e539-47a5-a0ed-0104d4ba0a36.jpg,375,500,Acmispon americanus,07898_Plantae_Tracheophyta_Magnoliopsida_Fabales_Fabaceae_Acmispon_americanus
train_mini,2120905,7898,train_mini/07898_Plantae_Tracheophyta_Magnoliopsida_Fabales_Fabaceae_Acmispon_americanus/75eb8b79-8822-4461-a34c-fea8d9f4410b.jpg,500,333,Acmispon americanus,07898_Plantae_Tracheophyta_Magnoliopsida_Fabales_Fabaceae_Acmispon_americanus
train_mini,2130718,7898,train_mini/07898_Plantae_Tracheophyta_Magnoliopsida_Fabales_Fabaceae_Acmispon_americanus/f11345c4-57d4-4fbf-b0e0-23e3c6924fdd.jpg,500,375,Acmispon americanus,07898_Plantae_Tracheophyta_Magnoliopsida_Fabales_Fabaceae_Acmispon_americanus
train_mini,2144435,7898,train_mini/07898_Plantae_Tracheophyta_Magnoliopsida_Fabales_Fabaceae_Acmispon_americanus/0dae2e20-4f81-4283-aacb-c3618198183e.jpg,375,500,Acmispon americanus,07898_Plantae_Tracheophyta_Magnoliopsida_Fabales_Fabaceae_Acmispon_americanus
train_mini,2166861,7898,train_mini/07898_Plantae_Tracheophyta_Magnoliopsida_Fabales_Fabaceae_Acmispon_americanus/4d1d5d67-9172-40ae-a2b4-5c4404d0307f.jpg,375,500,Acmispon americanus,07898_Plantae_Tracheophyta_Magnoliopsida_Fabales_Fabaceae_Acmispon_americanus
train_mini,2183984,7898,train_mini/07898_Plantae_Tracheophyta_Magnoliopsida_Fabales_Fabaceae_Acmispon_americanus/07cc2a5c-28ad-44de-aebf-d769610fffd0.jpg,500,375,Acmispon americanus,07898_Plantae_Tracheophyta_Magnoliopsida_Fabales_Fabaceae_Acmispon_americanus
train_mini,2257443,7898,train_mini/07898_Plantae_Tracheophyta_Magnoliopsida_Fabales_Fabaceae_Acmispon_americanus/dca431c8-ed5b-4275-be69-bcbac2f296de.jpg,375,500,Acmispon americanus,07898_Plantae_Tracheophyta_Magnoliopsida_Fabales_Fabaceae_Acmispon_americanus
train_mini,61119,8138,train_mini/08138_Plantae_Tracheophyta_Magnoliopsida_Fagales_Betulaceae_Alnus_alnobetula/2b5b0be1-b731-4459-88e5-ce19bbee9ecf.jpg,500,375,Alnus alnobetula,08138_Plantae_Tracheophyta_Magnoliopsida_Fagales_Betulaceae_Alnus_alnobetula
train_mini,110587,8138,train_mini/08138_Plantae_Tracheophyta_Magnoliopsida_Fagales_Betulaceae_Alnus_alnobetula/e982b2b9-4cf9-4a7a-b9b4-3f67a81332e9.jpg,500,500,Alnus alnobetula,08138_Plantae_Tracheophyta_Magnoliopsida_Fagales_Betulaceae_Alnus_alnobetula
train_mini,124947,8138,train_mini/08138_Plantae_Tracheophyta_Magnoliopsida_Fagales_Betulaceae_Alnus_alnobetula/6c990f7c-b8d0-4acb-9f4a-ba4c53863d27.jpg,500,375,Alnus alnobetula,08138_Plantae_Tracheophyta_Magnoliopsida_Fagales_Betulaceae_Alnus_alnobetula
train_mini,350971,8138,train_mini/08138_Plantae_Tracheophyta_Magnoliopsida_Fagales_Betulaceae_Alnus_alnobetula/1bdcbc05-edbd-41d8-8cd4-dafbfa3aa1f0.jpg,500,500,Alnus alnobetula,08138_Plantae_Tracheophyta_Magnoliopsida_Fagales_Betulaceae_Alnus_alnobetula
train_mini,444040,8138,train_mini/08138_Plantae_Tracheophyta_Magnoliopsida_Fagales_Betulaceae_Alnus_alnobetula/bb80f7c8-7dc7-4bcb-898e-50a4435a09f6.jpg,500,375,Alnus alnobetula,08138_Plantae_Tracheophyta_Magnoliopsida_Fagales_Betulaceae_Alnus_alnobetula
train_mini,445745,8138,train_mini/08138_Plantae_Tracheophyta_Magnoliopsida_Fagales_Betulaceae_Alnus_alnobetula/b1ad42c5-6968-4002-842f-aa4f9e7d6be9.jpg,500,333,Alnus alnobetula,08138_Plantae_Tracheophyta_Magnoliopsida_Fagales_Betulaceae_Alnus_alnobetula
train_mini,489299,8138,train_mini/08138_Plantae_Tracheophyta_Magnoliopsida_Fagales_Betulaceae_Alnus_alnobetula/4eebae48-23ae-4a86-9d64-78044a01a3b8.jpg,430,500,Alnus alnobetula,08138_Plantae_Tracheophyta_Magnoliopsida_Fagales_Betulaceae_Alnus_alnobetula
train_mini,492912,8138,train_mini/08138_Plantae_Tracheophyta_Magnoliopsida_Fagales_Betulaceae_Alnus_alnobetula/a5a79d6c-15e0-4d9f-83a0-bce1659d94f5.jpg,375,500,Alnus alnobetula,08138_Plantae_Tracheophyta_Magnoliopsida_Fagales_Betulaceae_Alnus_alnobetula
train_mini,499679,8138,train_mini/08138_Plantae_Tracheophyta_Magnoliopsida_Fagales_Betulaceae_Alnus_alnobetula/26ba5d3b-220a-416a-8ae5-8db01e1c66a2.jpg,375,500,Alnus alnobetula,08138_Plantae_Tracheophyta_Magnoliopsida_Fagales_Betulaceae_Alnus_alnobetula
train_mini,563675,8138,train_mini/08138_Plantae_Tracheophyta_Magnoliopsida_Fagales_Betulaceae_Alnus_alnobetula/0b38ed28-bde2-4f42-ade8-ef875259142d.jpg,374,500,Alnus alnobetula,08138_Plantae_Tracheophyta_Magnoliopsida_Fagales_Betulaceae_Alnus_alnobetula
train_mini,588024,8138,train_mini/08138_Plantae_Tracheophyta_Magnoliopsida_Fagales_Betulaceae_Alnus_alnobetula/57c24e22-4ac1-459c-9067-c21836f3434e.jpg,500,281,Alnus alnobetula,08138_Plantae_Tracheophyta_Magnoliopsida_Fagales_Betulaceae_Alnus_alnobetula
train_mini,962887,8138,train_mini/08138_Plantae_Tracheophyta_Magnoliopsida_Fagales_Betulaceae_Alnus_alnobetula/c46a5e1a-3b4e-460c-b17e-ad6ef9c2ceca.jpg,500,375,Alnus alnobetula,08138_Plantae_Tracheophyta_Magnoliopsida_Fagales_Betulaceae_Alnus_alnobetula
train_mini,983533,8138,train_mini/08138_Plantae_Tracheophyta_Magnoliopsida_Fagales_Betulaceae_Alnus_alnobetula/a10a92af-1642-42a4-a2bd-14a08f8749eb.jpg,375,500,Alnus alnobetula,08138_Plantae_Tracheophyta_Magnoliopsida_Fagales_Betulaceae_Alnus_alnobetula
train_mini,989609,8138,train_mini/08138_Plantae_Tracheophyta_Magnoliopsida_Fagales_Betulaceae_Alnus_alnobetula/0c01bdfa-7c37-4c7b-8552-574e2e861a09.jpg,375,500,Alnus alnobetula,08138_Plantae_Tracheophyta_Magnoliopsida_Fagales_Betulaceae_Alnus_alnobetula
train_mini,1024014,8138,train_mini/08138_Plantae_Tracheophyta_Magnoliopsida_Fagales_Betulaceae_Alnus_alnobetula/66f5818b-b5ff-46b9-ae66-a0695c865741.jpg,333,500,Alnus alnobetula,08138_Plantae_Tracheophyta_Magnoliopsida_Fagales_Betulaceae_Alnus_alnobetula
train_mini,1034950,8138,train_mini/08138_Plantae_Tracheophyta_Magnoliopsida_Fagales_Betulaceae_Alnus_alnobetula/0300f511-ea92-4857-ae4b-6a63c4fdaeed.jpg,375,500,Alnus alnobetula,08138_Plantae_Tracheophyta_Magnoliopsida_Fagales_Betulaceae_Alnus_alnobetula
train_mini,1060549,8138,train_mini/08138_Plantae_Tracheophyta_Magnoliopsida_Fagales_Betulaceae_Alnus_alnobetula/a0d78483-9327-4a19-aaf6-c79f75646f57.jpg,375,500,Alnus alnobetula,08138_Plantae_Tracheophyta_Magnoliopsida_Fagales_Betulaceae_Alnus_alnobetula
train_mini,1075146,8138,train_mini/08138_Plantae_Tracheophyta_Magnoliopsida_Fagales_Betulaceae_Alnus_alnobetula/f766b325-7536-4fe6-9d50-d7d56433ef3e.jpg,500,500,Alnus alnobetula,08138_Plantae_Tracheophyta_Magnoliopsida_Fagales_Betulaceae_Alnus_alnobetula
train_mini,1077899,8138,train_mini/08138_Plantae_Tracheophyta_Magnoliopsida_Fagales_Betulaceae_Alnus_alnobetula/cb2ab190-d1fa-4124-8c72-b017540b956e.jpg,500,500,Alnus alnobetula,08138_Plantae_Tracheophyta_Magnoliopsida_Fagales_Betulaceae_Alnus_alnobetula
train_mini,1122229,8138,train_mini/08138_Plantae_Tracheophyta_Magnoliopsida_Fagales_Betulaceae_Alnus_alnobetula/76759f55-fce8-4bf5-ba67-0f1f12968d8a.jpg,375,500,Alnus alnobetula,08138_Plantae_Tracheophyta_Magnoliopsida_Fagales_Betulaceae_Alnus_alnobetula
train_mini,1125854,8138,train_mini/08138_Plantae_Tracheophyta_Magnoliopsida_Fagales_Betulaceae_Alnus_alnobetula/74c263ab-15e4-4d49-ba2b-2fb8f0471b40.jpg,375,500,Alnus alnobetula,08138_Plantae_Tracheophyta_Magnoliopsida_Fagales_Betulaceae_Alnus_alnobetula
train_mini,1167802,8138,train_mini/08138_Plantae_Tracheophyta_Magnoliopsida_Fagales_Betulaceae_Alnus_alnobetula/4aeb759d-5d00-4363-885c-4e14b67dba33.jpg,500,374,Alnus alnobetula,08138_Plantae_Tracheophyta_Magnoliopsida_Fagales_Betulaceae_Alnus_alnobetula
train_mini,1275118,8138,train_mini/08138_Plantae_Tracheophyta_Magnoliopsida_Fagales_Betulaceae_Alnus_alnobetula/4cd707a7-79fa-4edc-a0c7-d8484b33ac36.jpg,375,500,Alnus alnobetula,08138_Plantae_Tracheophyta_Magnoliopsida_Fagales_Betulaceae_Alnus_alnobetula
train_mini,1353390,8138,train_mini/08138_Plantae_Tracheophyta_Magnoliopsida_Fagales_Betulaceae_Alnus_alnobetula/37e52d02-d741-4a5f-b710-55cec68de381.jpg,500,333,Alnus alnobetula,08138_Plantae_Tracheophyta_Magnoliopsida_Fagales_Betulaceae_Alnus_alnobetula
train_mini,1407833,8138,train_mini/08138_Plantae_Tracheophyta_Magnoliopsida_Fagales_Betulaceae_Alnus_alnobetula/40c04548-8cb4-471c-a6e8-7bc3ecd2e53d.jpg,500,375,Alnus alnobetula,08138_Plantae_Tracheophyta_Magnoliopsida_Fagales_Betulaceae_Alnus_alnobetula
train_mini,1477416,8138,train_mini/08138_Plantae_Tracheophyta_Magnoliopsida_Fagales_Betulaceae_Alnus_alnobetula/cc463994-4faf-4d82-a60b-612a9fc3ab73.jpg,500,375,Alnus alnobetula,08138_Plantae_Tracheophyta_Magnoliopsida_Fagales_Betulaceae_Alnus_alnobetula
train_mini,1692376,8138,train_mini/08138_Plantae_Tracheophyta_Magnoliopsida_Fagales_Betulaceae_Alnus_alnobetula/0e3d3ba8-af15-4392-94fa-a26df4bbfa7f.jpg,375,500,Alnus alnobetula,08138_Plantae_Tracheophyta_Magnoliopsida_Fagales_Betulaceae_Alnus_alnobetula
train_mini,1694437,8138,train_mini/08138_Plantae_Tracheophyta_Magnoliopsida_Fagales_Betulaceae_Alnus_alnobetula/0a791c20-ec7d-4c16-a36d-5f9fc4be8899.jpg,375,500,Alnus alnobetula,08138_Plantae_Tracheophyta_Magnoliopsida_Fagales_Betulaceae_Alnus_alnobetula
train_mini,1746791,8138,train_mini/08138_Plantae_Tracheophyta_Magnoliopsida_Fagales_Betulaceae_Alnus_alnobetula/287c0ba5-e331-4f8f-8889-ff8d0adbc319.jpg,375,500,Alnus alnobetula,08138_Plantae_Tracheophyta_Magnoliopsida_Fagales_Betulaceae_Alnus_alnobetula
train_mini,1792970,8138,train_mini/08138_Plantae_Tracheophyta_Magnoliopsida_Fagales_Betulaceae_Alnus_alnobetula/e09e8d02-54c4-4ad5-a123-a4d076c9ba72.jpg,281,500,Alnus alnobetula,08138_Plantae_Tracheophyta_Magnoliopsida_Fagales_Betulaceae_Alnus_alnobetula
train_mini,1859449,8138,train_mini/08138_Plantae_Tracheophyta_Magnoliopsida_Fagales_Betulaceae_Alnus_alnobetula/9f797c03-00d7-48cb-ad5c-5e98e4d43a81.jpg,281,500,Alnus alnobetula,08138_Plantae_Tracheophyta_Magnoliopsida_Fagales_Betulaceae_Alnus_alnobetula
train_mini,1929784,8138,train_mini/08138_Plantae_Tracheophyta_Magnoliopsida_Fagales_Betulaceae_Alnus_alnobetula/b4ada17d-5bfc-4aef-b83f-c83702589b18.jpg,500,475,Alnus alnobetula,08138_Plantae_Tracheophyta_Magnoliopsida_Fagales_Betulaceae_Alnus_alnobetula
train_mini,1944767,8138,train_mini/08138_Plantae_Tracheophyta_Magnoliopsida_Fagales_Betulaceae_Alnus_alnobetula/284c6395-0783-48c3-baa8-4d8e64d088f4.jpg,375,500,Alnus alnobetula,08138_Plantae_Tracheophyta_Magnoliopsida_Fagales_Betulaceae_Alnus_alnobetula
train_mini,1984607,8138,train_mini/08138_Plantae_Tracheophyta_Magnoliopsida_Fagales_Betulaceae_Alnus_alnobetula/b1c2f8f8-00fc-47e3-a8fe-c3ffe0d6e5e1.jpg,375,500,Alnus alnobetula,08138_Plantae_Tracheophyta_Magnoliopsida_Fagales_Betulaceae_Alnus_alnobetula
train_mini,2021555,8138,train_mini/08138_Plantae_Tracheophyta_Magnoliopsida_Fagales_Betulaceae_Alnus_alnobetula/f2b01dc2-2856-482c-bdba-a8c371d43927.jpg,500,375,Alnus alnobetula,08138_Plantae_Tracheophyta_Magnoliopsida_Fagales_Betulaceae_Alnus_alnobetula
train_mini,2022589,8138,train_mini/08138_Plantae_Tracheophyta_Magnoliopsida_Fagales_Betulaceae_Alnus_alnobetula/7b25c787-f8af-4540-b89b-705a164792bb.jpg,375,500,Alnus alnobetula,08138_Plantae_Tracheophyta_Magnoliopsida_Fagales_Betulaceae_Alnus_alnobetula
train_mini,2060379,8138,train_mini/08138_Plantae_Tracheophyta_Magnoliopsida_Fagales_Betulaceae_Alnus_alnobetula/6fa1c5a4-3480-47fa-a1e6-c0c9933c188d.jpg,375,500,Alnus alnobetula,08138_Plantae_Tracheophyta_Magnoliopsida_Fagales_Betulaceae_Alnus_alnobetula
train_mini,2105885,8138,train_mini/08138_Plantae_Tracheophyta_Magnoliopsida_Fagales_Betulaceae_Alnus_alnobetula/00662369-bb9f-4493-8d4b-93034a797f37.jpg,500,375,Alnus alnobetula,08138_Plantae_Tracheophyta_Magnoliopsida_Fagales_Betulaceae_Alnus_alnobetula
train_mini,2120831,8138,train_mini/08138_Plantae_Tracheophyta_Magnoliopsida_Fagales_Betulaceae_Alnus_alnobetula/d1a5d382-fdb4-46dd-a699-aba2e7265d34.jpg,375,500,Alnus alnobetula,08138_Plantae_Tracheophyta_Magnoliopsida_Fagales_Betulaceae_Alnus_alnobetula
train_mini,2123062,8138,train_mini/08138_Plantae_Tracheophyta_Magnoliopsida_Fagales_Betulaceae_Alnus_alnobetula/f23fc11c-0fee-4517-a30f-06d76c9aa2be.jpg,375,500,Alnus alnobetula,08138_Plantae_Tracheophyta_Magnoliopsida_Fagales_Betulaceae_Alnus_alnobetula
train_mini,2208087,8138,train_mini/08138_Plantae_Tracheophyta_Magnoliopsida_Fagales_Betulaceae_Alnus_alnobetula/5a50e5e0-bc65-4aeb-8224-4ada0fda3552.jpg,375,500,Alnus alnobetula,08138_Plantae_Tracheophyta_Magnoliopsida_Fagales_Betulaceae_Alnus_alnobetula
train_mini,2212803,8138,train_mini/08138_Plantae_Tracheophyta_Magnoliopsida_Fagales_Betulaceae_Alnus_alnobetula/5a101eaf-80a6-4633-a6b9-120591abc879.jpg,500,333,Alnus alnobetula,08138_Plantae_Tracheophyta_Magnoliopsida_Fagales_Betulaceae_Alnus_alnobetula
train_mini,2213007,8138,train_mini/08138_Plantae_Tracheophyta_Magnoliopsida_Fagales_Betulaceae_Alnus_alnobetula/69db7202-eb13-48de-81fc-d148ab148883.jpg,500,375,Alnus alnobetula,08138_Plantae_Tracheophyta_Magnoliopsida_Fagales_Betulaceae_Alnus_alnobetula
train_mini,2237997,8138,train_mini/08138_Plantae_Tracheophyta_Magnoliopsida_Fagales_Betulaceae_Alnus_alnobetula/c7377fb0-e4f3-410d-9885-ba1d136740e6.jpg,375,500,Alnus alnobetula,08138_Plantae_Tracheophyta_Magnoliopsida_Fagales_Betulaceae_Alnus_alnobetula
train_mini,2295560,8138,train_mini/08138_Plantae_Tracheophyta_Magnoliopsida_Fagales_Betulaceae_Alnus_alnobetula/07da23e5-2ee2-445f-b7d0-98b6908cb25e.jpg,375,500,Alnus alnobetula,08138_Plantae_Tracheophyta_Magnoliopsida_Fagales_Betulaceae_Alnus_alnobetula
train_mini,2326583,8138,train_mini/08138_Plantae_Tracheophyta_Magnoliopsida_Fagales_Betulaceae_Alnus_alnobetula/5987b84c-ef4b-4c38-aefd-2885b3b3faa0.jpg,281,500,Alnus alnobetula,08138_Plantae_Tracheophyta_Magnoliopsida_Fagales_Betulaceae_Alnus_alnobetula
train_mini,2365706,8138,train_mini/08138_Plantae_Tracheophyta_Magnoliopsida_Fagales_Betulaceae_Alnus_alnobetula/617ea71c-0b78-44cb-a395-0b9fd785ded6.jpg,375,500,Alnus alnobetula,08138_Plantae_Tracheophyta_Magnoliopsida_Fagales_Betulaceae_Alnus_alnobetula
train_mini,2425416,8138,train_mini/08138_Plantae_Tracheophyta_Magnoliopsida_Fagales_Betulaceae_Alnus_alnobetula/3457c977-6799-49af-ae14-de6abc65e325.jpg,375,500,Alnus alnobetula,08138_Plantae_Tracheophyta_Magnoliopsida_Fagales_Betulaceae_Alnus_alnobetula
train_mini,2435545,8138,train_mini/08138_Plantae_Tracheophyta_Magnoliopsida_Fagales_Betulaceae_Alnus_alnobetula/2143bec3-3a4a-4768-b25c-726400925249.jpg,500,375,Alnus alnobetula,08138_Plantae_Tracheophyta_Magnoliopsida_Fagales_Betulaceae_Alnus_alnobetula
train_mini,2452164,8138,train_mini/08138_Plantae_Tracheophyta_Magnoliopsida_Fagales_Betulaceae_Alnus_alnobetula/923b44cd-3db9-483a-a1a1-1ad9c620db41.jpg,500,333,Alnus alnobetula,08138_Plantae_Tracheophyta_Magnoliopsida_Fagales_Betulaceae_Alnus_alnobetula
train_mini,3805,9193,train_mini/09193_Plantae_Tracheophyta_Magnoliopsida_Ranunculales_Ranunculaceae_Aconitum_columbianum/67fd8965-80c8-4bfb-889e-513229f0a0d8.jpg,500,375,Aconitum columbianum,09193_Plantae_Tracheophyta_Magnoliopsida_Ranunculales_Ranunculaceae_Aconitum_columbianum
train_mini,6907,9193,train_mini/09193_Plantae_Tracheophyta_Magnoliopsida_Ranunculales_Ranunculaceae_Aconitum_columbianum/98f4bf37-9cc2-447b-b389-d5779a331712.jpg,375,500,Aconitum columbianum,09193_Plantae_Tracheophyta_Magnoliopsida_Ranunculales_Ranunculaceae_Aconitum_columbianum
train_mini,15626,9193,train_mini/09193_Plantae_Tracheophyta_Magnoliopsida_Ranunculales_Ranunculaceae_Aconitum_columbianum/60e5ddbe-26c1-4068-9710-fef6d610e01e.jpg,384,500,Aconitum columbianum,09193_Plantae_Tracheophyta_Magnoliopsida_Ranunculales_Ranunculaceae_Aconitum_columbianum
train_mini,67362,9193,train_mini/09193_Plantae_Tracheophyta_Magnoliopsida_Ranunculales_Ranunculaceae_Aconitum_columbianum/680ff8ba-f5df-45d0-8f79-f4672bbe4dac.jpg,500,333,Aconitum columbianum,09193_Plantae_Tracheophyta_Magnoliopsida_Ranunculales_Ranunculaceae_Aconitum_columbianum
train_mini,107435,9193,train_mini/09193_Plantae_Tracheophyta_Magnoliopsida_Ranunculales_Ranunculaceae_Aconitum_columbianum/6594710c-cab1-43fd-9516-0b0380ccaa09.jpg,375,500,Aconitum columbianum,09193_Plantae_Tracheophyta_Magnoliopsida_Ranunculales_Ranunculaceae_Aconitum_columbianum
train_mini,113857,9193,train_mini/09193_Plantae_Tracheophyta_Magnoliopsida_Ranunculales_Ranunculaceae_Aconitum_columbianum/12e38877-4e1b-464a-94c4-9edbda566199.jpg,333,500,Aconitum columbianum,09193_Plantae_Tracheophyta_Magnoliopsida_Ranunculales_Ranunculaceae_Aconitum_columbianum
train_mini,229101,9193,train_mini/09193_Plantae_Tracheophyta_Magnoliopsida_Ranunculales_Ranunculaceae_Aconitum_columbianum/df39387d-9e57-4b01-b342-354281b29b63.jpg,500,334,Aconitum columbianum,09193_Plantae_Tracheophyta_Magnoliopsida_Ranunculales_Ranunculaceae_Aconitum_columbianum
train_mini,303219,9193,train_mini/09193_Plantae_Tracheophyta_Magnoliopsida_Ranunculales_Ranunculaceae_Aconitum_columbianum/a77bc93d-3323-42ae-854d-b562c0878f7d.jpg,333,500,Aconitum columbianum,09193_Plantae_Tracheophyta_Magnoliopsida_Ranunculales_Ranunculaceae_Aconitum_columbianum
train_mini,458190,9193,train_mini/09193_Plantae_Tracheophyta_Magnoliopsida_Ranunculales_Ranunculaceae_Aconitum_columbianum/9c4c5108-5d4d-4a5f-9bda-4e5db5d17367.jpg,500,462,Aconitum columbianum,09193_Plantae_Tracheophyta_Magnoliopsida_Ranunculales_Ranunculaceae_Aconitum_columbianum
train_mini,475949,9193,train_mini/09193_Plantae_Tracheophyta_Magnoliopsida_Ranunculales_Ranunculaceae_Aconitum_columbianum/671308d4-c1c7-47f6-b544-2a6f336ea25a.jpg,375,500,Aconitum columbianum,09193_Plantae_Tracheophyta_Magnoliopsida_Ranunculales_Ranunculaceae_Aconitum_columbianum
train_mini,483898,9193,train_mini/09193_Plantae_Tracheophyta_Magnoliopsida_Ranunculales_Ranunculaceae_Aconitum_columbianum/1897620f-e6e7-4a67-bf6a-d02be97de8ef.jpg,375,500,Aconitum columbianum,09193_Plantae_Tracheophyta_Magnoliopsida_Ranunculales_Ranunculaceae_Aconitum_columbianum
train_mini,494921,9193,train_mini/09193_Plantae_Tracheophyta_Magnoliopsida_Ranunculales_Ranunculaceae_Aconitum_columbianum/d59e5265-c2ac-499b-85db-f0475e394fe1.jpg,375,500,Aconitum columbianum,09193_Plantae_Tracheophyta_Magnoliopsida_Ranunculales_Ranunculaceae_Aconitum_columbianum
train_mini,496934,9193,train_mini/09193_Plantae_Tracheophyta_Magnoliopsida_Ranunculales_Ranunculaceae_Aconitum_columbianum/934be13d-d5a5-4ce9-b668-b96f1c4d0295.jpg,500,281,Aconitum columbianum,09193_Plantae_Tracheophyta_Magnoliopsida_Ranunculales_Ranunculaceae_Aconitum_columbianum
train_mini,504621,9193,train_mini/09193_Plantae_Tracheophyta_Magnoliopsida_Ranunculales_Ranunculaceae_Aconitum_columbianum/0881a1be-2fc1-496a-956e-955bc563286d.jpg,363,500,Aconitum columbianum,09193_Plantae_Tracheophyta_Magnoliopsida_Ranunculales_Ranunculaceae_Aconitum_columbianum
train_mini,515635,9193,train_mini/09193_Plantae_Tracheophyta_Magnoliopsida_Ranunculales_Ranunculaceae_Aconitum_columbianum/a273a1e9-07c2-4411-afae-9e4c99496567.jpg,463,500,Aconitum columbianum,09193_Plantae_Tracheophyta_Magnoliopsida_Ranunculales_Ranunculaceae_Aconitum_columbianum
train_mini,521956,9193,train_mini/09193_Plantae_Tracheophyta_Magnoliopsida_Ranunculales_Ranunculaceae_Aconitum_columbianum/543f208b-b477-4824-9ea7-8d37efa63aea.jpg,375,500,Aconitum columbianum,09193_Plantae_Tracheophyta_Magnoliopsida_Ranunculales_Ranunculaceae_Aconitum_columbianum
train_mini,522016,9193,train_mini/09193_Plantae_Tracheophyta_Magnoliopsida_Ranunculales_Ranunculaceae_Aconitum_columbianum/4213898c-d4ce-4fcf-87b2-29281c16f320.jpg,500,333,Aconitum columbianum,09193_Plantae_Tracheophyta_Magnoliopsida_Ranunculales_Ranunculaceae_Aconitum_columbianum
train_mini,528223,9193,train_mini/09193_Plantae_Tracheophyta_Magnoliopsida_Ranunculales_Ranunculaceae_Aconitum_columbianum/807e1ca5-f821-4e6f-85da-e41250a5f129.jpg,500,374,Aconitum columbianum,09193_Plantae_Tracheophyta_Magnoliopsida_Ranunculales_Ranunculaceae_Aconitum_columbianum
train_mini,640504,9193,train_mini/09193_Plantae_Tracheophyta_Magnoliopsida_Ranunculales_Ranunculaceae_Aconitum_columbianum/15849f0e-e056-451b-bf06-1ab06d33bac0.jpg,375,500,Aconitum columbianum,09193_Plantae_Tracheophyta_Magnoliopsida_Ranunculales_Ranunculaceae_Aconitum_columbianum
train_mini,980897,9193,train_mini/09193_Plantae_Tracheophyta_Magnoliopsida_Ranunculales_Ranunculaceae_Aconitum_columbianum/8337b733-0b57-40d0-8063-8fe8c3813cc0.jpg,375,500,Aconitum columbianum,09193_Plantae_Tracheophyta_Magnoliopsida_Ranunculales_Ranunculaceae_Aconitum_columbianum
train_mini,988429,9193,train_mini/09193_Plantae_Tracheophyta_Magnoliopsida_Ranunculales_Ranunculaceae_Aconitum_columbianum/827647d1-d902-467b-abb6-a2154621aebd.jpg,375,500,Aconitum columbianum,09193_Plantae_Tracheophyta_Magnoliopsida_Ranunculales_Ranunculaceae_Aconitum_columbianum
train_mini,1002714,9193,train_mini/09193_Plantae_Tracheophyta_Magnoliopsida_Ranunculales_Ranunculaceae_Aconitum_columbianum/7e22819e-82fa-421a-ade0-9ddb819e01b9.jpg,500,495,Aconitum columbianum,09193_Plantae_Tracheophyta_Magnoliopsida_Ranunculales_Ranunculaceae_Aconitum_columbianum
train_mini,1018154,9193,train_mini/09193_Plantae_Tracheophyta_Magnoliopsida_Ranunculales_Ranunculaceae_Aconitum_columbianum/d6dab2ec-e07e-4cce-8208-8be82437af81.jpg,274,500,Aconitum columbianum,09193_Plantae_Tracheophyta_Magnoliopsida_Ranunculales_Ranunculaceae_Aconitum_columbianum
train_mini,1057654,9193,train_mini/09193_Plantae_Tracheophyta_Magnoliopsida_Ranunculales_Ranunculaceae_Aconitum_columbianum/657566cf-0805-4669-ae50-b16a10230cba.jpg,375,500,Aconitum columbianum,09193_Plantae_Tracheophyta_Magnoliopsida_Ranunculales_Ranunculaceae_Aconitum_columbianum
train_mini,1064403,9193,train_mini/09193_Plantae_Tracheophyta_Magnoliopsida_Ranunculales_Ranunculaceae_Aconitum_columbianum/6f01c174-5e47-4962-a1c4-539d39adf573.jpg,375,500,Aconitum columbianum,09193_Plantae_Tracheophyta_Magnoliopsida_Ranunculales_Ranunculaceae_Aconitum_columbianum
train_mini,1104661,9193,train_mini/09193_Plantae_Tracheophyta_Magnoliopsida_Ranunculales_Ranunculaceae_Aconitum_columbianum/171326d4-d16c-4c20-8573-25f57dc53803.jpg,500,281,Aconitum columbianum,09193_Plantae_Tracheophyta_Magnoliopsida_Ranunculales_Ranunculaceae_Aconitum_columbianum
train_mini,1357476,9193,train_mini/09193_Plantae_Tracheophyta_Magnoliopsida_Ranunculales_Ranunculaceae_Aconitum_columbianum/eba9f3f2-1bf9-4805-a704-30db1dbeb20e.jpg,375,500,Aconitum columbianum,09193_Plantae_Tracheophyta_Magnoliopsida_Ranunculales_Ranunculaceae_Aconitum_columbianum
train_mini,1393726,9193,train_mini/09193_Plantae_Tracheophyta_Magnoliopsida_Ranunculales_Ranunculaceae_Aconitum_columbianum/9ee451f8-26ea-4ca7-9707-4d2869557b5e.jpg,333,500,Aconitum columbianum,09193_Plantae_Tracheophyta_Magnoliopsida_Ranunculales_Ranunculaceae_Aconitum_columbianum
train_mini,1673913,9193,train_mini/09193_Plantae_Tracheophyta_Magnoliopsida_Ranunculales_Ranunculaceae_Aconitum_columbianum/b309d7e1-c5fd-4e2f-abc6-0331b1d276c7.jpg,375,500,Aconitum columbianum,09193_Plantae_Tracheophyta_Magnoliopsida_Ranunculales_Ranunculaceae_Aconitum_columbianum
train_mini,1992356,9193,train_mini/09193_Plantae_Tracheophyta_Magnoliopsida_Ranunculales_Ranunculaceae_Aconitum_columbianum/1fd982cb-6792-47f5-a9a1-714b1d3bf741.jpg,341,500,Aconitum columbianum,09193_Plantae_Tracheophyta_Magnoliopsida_Ranunculales_Ranunculaceae_Aconitum_columbianum
train_mini,2004241,9193,train_mini/09193_Plantae_Tracheophyta_Magnoliopsida_Ranunculales_Ranunculaceae_Aconitum_columbianum/7c484540-cfd9-41b5-a1c3-d32b40f6560f.jpg,281,500,Aconitum columbianum,09193_Plantae_Tracheophyta_Magnoliopsida_Ranunculales_Ranunculaceae_Aconitum_columbianum
train_mini,2006606,9193,train_mini/09193_Plantae_Tracheophyta_Magnoliopsida_Ranunculales_Ranunculaceae_Aconitum_columbianum/ca0b8fcc-eab0-4770-8567-27d76ddd3509.jpg,375,500,Aconitum columbianum,09193_Plantae_Tracheophyta_Magnoliopsida_Ranunculales_Ranunculaceae_Aconitum_columbianum
train_mini,2047793,9193,train_mini/09193_Plantae_Tracheophyta_Magnoliopsida_Ranunculales_Ranunculaceae_Aconitum_columbianum/6cedea79-3a51-410d-b247-4015ebd233c4.jpg,375,500,Aconitum columbianum,09193_Plantae_Tracheophyta_Magnoliopsida_Ranunculales_Ranunculaceae_Aconitum_columbianum
train_mini,2047945,9193,train_mini/09193_Plantae_Tracheophyta_Magnoliopsida_Ranunculales_Ranunculaceae_Aconitum_columbianum/7bb8c027-be43-4d69-beee-7dcd3b68446b.jpg,375,500,Aconitum columbianum,09193_Plantae_Tracheophyta_Magnoliopsida_Ranunculales_Ranunculaceae_Aconitum_columbianum
train_mini,2114471,9193,train_mini/09193_Plantae_Tracheophyta_Magnoliopsida_Ranunculales_Ranunculaceae_Aconitum_columbianum/d8a61360-5fac-403e-af1d-47b696754620.jpg,333,500,Aconitum columbianum,09193_Plantae_Tracheophyta_Magnoliopsida_Ranunculales_Ranunculaceae_Aconitum_columbianum
train_mini,2118818,9193,train_mini/09193_Plantae_Tracheophyta_Magnoliopsida_Ranunculales_Ranunculaceae_Aconitum_columbianum/1c94f66f-d309-4ddb-95eb-4e54ba247ea7.jpg,375,500,Aconitum columbianum,09193_Plantae_Tracheophyta_Magnoliopsida_Ranunculales_Ranunculaceae_Aconitum_columbianum
train_mini,2121703,9193,train_mini/09193_Plantae_Tracheophyta_Magnoliopsida_Ranunculales_Ranunculaceae_Aconitum_columbianum/6f0e87c8-4f0f-40b4-ae99-3e542bd76a08.jpg,375,500,Aconitum columbianum,09193_Plantae_Tracheophyta_Magnoliopsida_Ranunculales_Ranunculaceae_Aconitum_columbianum
train_mini,2140811,9193,train_mini/09193_Plantae_Tracheophyta_Magnoliopsida_Ranunculales_Ranunculaceae_Aconitum_columbianum/b6b23844-df49-482e-9b71-009c3c2fa0cf.jpg,500,363,Aconitum columbianum,09193_Plantae_Tracheophyta_Magnoliopsida_Ranunculales_Ranunculaceae_Aconitum_columbianum
train_mini,2142090,9193,train_mini/09193_Plantae_Tracheophyta_Magnoliopsida_Ranunculales_Ranunculaceae_Aconitum_columbianum/cdc336ed-6573-4f15-bba3-7668a7d33a9a.jpg,333,500,Aconitum columbianum,09193_Plantae_Tracheophyta_Magnoliopsida_Ranunculales_Ranunculaceae_Aconitum_columbianum
train_mini,2158396,9193,train_mini/09193_Plantae_Tracheophyta_Magnoliopsida_Ranunculales_Ranunculaceae_Aconitum_columbianum/aa7b0441-a7e7-41b0-bdd0-246f9f9f4383.jpg,375,500,Aconitum columbianum,09193_Plantae_Tracheophyta_Magnoliopsida_Ranunculales_Ranunculaceae_Aconitum_columbianum
train_mini,2164555,9193,train_mini/09193_Plantae_Tracheophyta_Magnoliopsida_Ranunculales_Ranunculaceae_Aconitum_columbianum/87e8f536-220a-48e4-8113-bb07caef0318.jpg,375,500,Aconitum columbianum,09193_Plantae_Tracheophyta_Magnoliopsida_Ranunculales_Ranunculaceae_Aconitum_columbianum
train_mini,2195239,9193,train_mini/09193_Plantae_Tracheophyta_Magnoliopsida_Ranunculales_Ranunculaceae_Aconitum_columbianum/978e8f32-ad36-479f-82cf-cdf9b3d8b9c5.jpg,500,375,Aconitum columbianum,09193_Plantae_Tracheophyta_Magnoliopsida_Ranunculales_Ranunculaceae_Aconitum_columbianum
train_mini,2200796,9193,train_mini/09193_Plantae_Tracheophyta_Magnoliopsida_Ranunculales_Ranunculaceae_Aconitum_columbianum/595a0c67-b8ed-4fce-8061-0bcafc8ac0cd.jpg,500,500,Aconitum columbianum,09193_Plantae_Tracheophyta_Magnoliopsida_Ranunculales_Ranunculaceae_Aconitum_columbianum
train_mini,2211513,9193,train_mini/09193_Plantae_Tracheophyta_Magnoliopsida_Ranunculales_Ranunculaceae_Aconitum_columbianum/79bc130f-3a6f-4925-adf2-3c2162aee955.jpg,375,500,Aconitum columbianum,09193_Plantae_Tracheophyta_Magnoliopsida_Ranunculales_Ranunculaceae_Aconitum_columbianum
train_mini,2235503,9193,train_mini/09193_Plantae_Tracheophyta_Magnoliopsida_Ranunculales_Ranunculaceae_Aconitum_columbianum/4c08de71-1b92-4572-b424-0ecb248efb79.jpg,375,500,Aconitum columbianum,09193_Plantae_Tracheophyta_Magnoliopsida_Ranunculales_Ranunculaceae_Aconitum_columbianum
train_mini,2318371,9193,train_mini/09193_Plantae_Tracheophyta_Magnoliopsida_Ranunculales_Ranunculaceae_Aconitum_columbianum/f202ddf1-9f47-48d5-845d-02bb3b8eece8.jpg,500,313,Aconitum columbianum,09193_Plantae_Tracheophyta_Magnoliopsida_Ranunculales_Ranunculaceae_Aconitum_columbianum
train_mini,2367067,9193,train_mini/09193_Plantae_Tracheophyta_Magnoliopsida_Ranunculales_Ranunculaceae_Aconitum_columbianum/b4241eab-066c-48a2-a24f-07aa7133ed83.jpg,375,500,Aconitum columbianum,09193_Plantae_Tracheophyta_Magnoliopsida_Ranunculales_Ranunculaceae_Aconitum_columbianum
train_mini,2428040,9193,train_mini/09193_Plantae_Tracheophyta_Magnoliopsida_Ranunculales_Ranunculaceae_Aconitum_columbianum/3e46e722-90e1-4453-a575-7fe3199a5035.jpg,375,500,Aconitum columbianum,09193_Plantae_Tracheophyta_Magnoliopsida_Ranunculales_Ranunculaceae_Aconitum_columbianum
train_mini,2454729,9193,train_mini/09193_Plantae_Tracheophyta_Magnoliopsida_Ranunculales_Ranunculaceae_Aconitum_columbianum/a6947d68-3d6d-424c-b67e-33975106c7c9.jpg,333,500,Aconitum columbianum,09193_Plantae_Tracheophyta_Magnoliopsida_Ranunculales_Ranunculaceae_Aconitum_columbianum
train_mini,2534030,9193,train_mini/09193_Plantae_Tracheophyta_Magnoliopsida_Ranunculales_Ranunculaceae_Aconitum_columbianum/c31e7785-0752-4526-a0a3-9ea20c23dca3.jpg,292,389,Aconitum columbianum,09193_Plantae_Tracheophyta_Magnoliopsida_Ranunculales_Ranunculaceae_Aconitum_columbianum
train_mini,142217,9565,train_mini/09565_Plantae_Tracheophyta_Magnoliopsida_Sapindales_Sapindaceae_Acer_campestre/1da2db26-9f65-49f4-9262-c1a2c9993270.jpg,500,375,Acer campestre,09565_Plantae_Tracheophyta_Magnoliopsida_Sapindales_Sapindaceae_Acer_campestre
train_mini,381770,9565,train_mini/09565_Plantae_Tracheophyta_Magnoliopsida_Sapindales_Sapindaceae_Acer_campestre/b524b66f-c6d8-4835-a772-414c0907a01f.jpg,500,281,Acer campestre,09565_Plantae_Tracheophyta_Magnoliopsida_Sapindales_Sapindaceae_Acer_campestre
train_mini,418169,9565,train_mini/09565_Plantae_Tracheophyta_Magnoliopsida_Sapindales_Sapindaceae_Acer_campestre/f5f61414-b149-426e-86b3-d8d8b52744e4.jpg,281,500,Acer campestre,09565_Plantae_Tracheophyta_Magnoliopsida_Sapindales_Sapindaceae_Acer_campestre
train_mini,575256,9565,train_mini/09565_Plantae_Tracheophyta_Magnoliopsida_Sapindales_Sapindaceae_Acer_campestre/e83669ca-b923-4ccf-83be-ec9a65137d93.jpg,281,500,Acer campestre,09565_Plantae_Tracheophyta_Magnoliopsida_Sapindales_Sapindaceae_Acer_campestre
train_mini,644209,9565,train_mini/09565_Plantae_Tracheophyta_Magnoliopsida_Sapindales_Sapindaceae_Acer_campestre/e7f93abd-7279-46c7-9a57-7f577ecbf900.jpg,500,333,Acer campestre,09565_Plantae_Tracheophyta_Magnoliopsida_Sapindales_Sapindaceae_Acer_campestre
train_mini,742635,9565,train_mini/09565_Plantae_Tracheophyta_Magnoliopsida_Sapindales_Sapindaceae_Acer_campestre/db26dc56-c5a4-46dc-b282-fe0911f1f75b.jpg,281,500,Acer campestre,09565_Plantae_Tracheophyta_Magnoliopsida_Sapindales_Sapindaceae_Acer_campestre
train_mini,792238,9565,train_mini/09565_Plantae_Tracheophyta_Magnoliopsida_Sapindales_Sapindaceae_Acer_campestre/498a18aa-1c3d-4bf0-999e-454cb7dddcbc.jpg,375,500,Acer campestre,09565_Plantae_Tracheophyta_Magnoliopsida_Sapindales_Sapindaceae_Acer_campestre
train_mini,797394,9565,train_mini/09565_Plantae_Tracheophyta_Magnoliopsida_Sapindales_Sapindaceae_Acer_campestre/448a8e48-a048-4c6b-9526-26bc5dfea359.jpg,375,500,Acer campestre,09565_Plantae_Tracheophyta_Magnoliopsida_Sapindales_Sapindaceae_Acer_campestre
train_mini,811619,9565,train_mini/09565_Plantae_Tracheophyta_Magnoliopsida_Sapindales_Sapindaceae_Acer_campestre/a2d3096a-4ffa-48c4-8a0d-6d146142e83e.jpg,500,375,Acer campestre,09565_Plantae_Tracheophyta_Magnoliopsida_Sapindales_Sapindaceae_Acer_campestre
train_mini,856199,9565,train_mini/09565_Plantae_Tracheophyta_Magnoliopsida_Sapindales_Sapindaceae_Acer_campestre/1f58ccda-d5a4-443f-b47b-332f61cd12d9.jpg,281,500,Acer campestre,09565_Plantae_Tracheophyta_Magnoliopsida_Sapindales_Sapindaceae_Acer_campestre
train_mini,900936,9565,train_mini/09565_Plantae_Tracheophyta_Magnoliopsida_Sapindales_Sapindaceae_Acer_campestre/1186ca17-6e62-43ee-99f5-d04db9cc2217.jpg,500,375,Acer campestre,09565_Plantae_Tracheophyta_Magnoliopsida_Sapindales_Sapindaceae_Acer_campestre
train_mini,1002864,9565,train_mini/09565_Plantae_Tracheophyta_Magnoliopsida_Sapindales_Sapindaceae_Acer_campestre/3b5101e0-ce62-4b8f-bc15-b86cb6054c31.jpg,375,500,Acer campestre,09565_Plantae_Tracheophyta_Magnoliopsida_Sapindales_Sapindaceae_Acer_campestre
train_mini,1055980,9565,train_mini/09565_Plantae_Tracheophyta_Magnoliopsida_Sapindales_Sapindaceae_Acer_campestre/ee1baf12-033f-4a20-b38b-b2f024c0ca77.jpg,375,500,Acer campestre,09565_Plantae_Tracheophyta_Magnoliopsida_Sapindales_Sapindaceae_Acer_campestre
train_mini,1128295,9565,train_mini/09565_Plantae_Tracheophyta_Magnoliopsida_Sapindales_Sapindaceae_Acer_campestre/ddff079a-a194-43ec-8b2e-187dbeb4c65d.jpg,375,500,Acer campestre,09565_Plantae_Tracheophyta_Magnoliopsida_Sapindales_Sapindaceae_Acer_campestre
train_mini,1219542,9565,train_mini/09565_Plantae_Tracheophyta_Magnoliopsida_Sapindales_Sapindaceae_Acer_campestre/34dbc743-b3b8-46be-96c1-b31e7568d2a8.jpg,500,333,Acer campestre,09565_Plantae_Tracheophyta_Magnoliopsida_Sapindales_Sapindaceae_Acer_campestre
train_mini,1561212,9565,train_mini/09565_Plantae_Tracheophyta_Magnoliopsida_Sapindales_Sapindaceae_Acer_campestre/495afb31-3c1b-491a-aa8d-717cb590d53c.jpg,375,500,Acer campestre,09565_Plantae_Tracheophyta_Magnoliopsida_Sapindales_Sapindaceae_Acer_campestre
train_mini,1570780,9565,train_mini/09565_Plantae_Tracheophyta_Magnoliopsida_Sapindales_Sapindaceae_Acer_campestre/28a97f8b-b6c0-4e97-ba80-c9d6f6f25eb1.jpg,375,500,Acer campestre,09565_Plantae_Tracheophyta_Magnoliopsida_Sapindales_Sapindaceae_Acer_campestre
train_mini,1583702,9565,train_mini/09565_Plantae_Tracheophyta_Magnoliopsida_Sapindales_Sapindaceae_Acer_campestre/18ca6a29-78e6-4ecd-9d10-2da0647a67a0.jpg,281,500,Acer campestre,09565_Plantae_Tracheophyta_Magnoliopsida_Sapindales_Sapindaceae_Acer_campestre
train_mini,1590763,9565,train_mini/09565_Plantae_Tracheophyta_Magnoliopsida_Sapindales_Sapindaceae_Acer_campestre/0bd5fb5a-322d-4afd-9447-2dc428b18e84.jpg,500,333,Acer campestre,09565_Plantae_Tracheophyta_Magnoliopsida_Sapindales_Sapindaceae_Acer_campestre
train_mini,1602257,9565,train_mini/09565_Plantae_Tracheophyta_Magnoliopsida_Sapindales_Sapindaceae_Acer_campestre/b809c6f5-0f58-47b9-b75e-5c68b671d370.jpg,281,500,Acer campestre,09565_Plantae_Tracheophyta_Magnoliopsida_Sapindales_Sapindaceae_Acer_campestre
train_mini,1604532,9565,train_mini/09565_Plantae_Tracheophyta_Magnoliopsida_Sapindales_Sapindaceae_Acer_campestre/5b205fb3-ce2d-430a-bddd-18fdda82a196.jpg,375,500,Acer campestre,09565_Plantae_Tracheophyta_Magnoliopsida_Sapindales_Sapindaceae_Acer_campestre
train_mini,1608189,9565,train_mini/09565_Plantae_Tracheophyta_Magnoliopsida_Sapindales_Sapindaceae_Acer_campestre/36eb805e-f1b7-41ad-aa99-a6e014e92483.jpg,500,335,Acer campestre,09565_Plantae_Tracheophyta_Magnoliopsida_Sapindales_Sapindaceae_Acer_campestre
train_mini,1635381,9565,train_mini/09565_Plantae_Tracheophyta_Magnoliopsida_Sapindales_Sapindaceae_Acer_campestre/d5d2da34-fb34-4bd3-992a-06d8296454fc.jpg,375,500,Acer campestre,09565_Plantae_Tracheophyta_Magnoliopsida_Sapindales_Sapindaceae_Acer_campestre
train_mini,1681868,9565,train_mini/09565_Plantae_Tracheophyta_Magnoliopsida_Sapindales_Sapindaceae_Acer_campestre/a920dada-4851-4017-939a-97e71c40202c.jpg,375,500,Acer campestre,09565_Plantae_Tracheophyta_Magnoliopsida_Sapindales_Sapindaceae_Acer_campestre
train_mini,1689195,9565,train_mini/09565_Plantae_Tracheophyta_Magnoliopsida_Sapindales_Sapindaceae_Acer_campestre/5e078cdf-4f19-4978-bbeb-de3fe6d86fb8.jpg,375,500,Acer campestre,09565_Plantae_Tracheophyta_Magnoliopsida_Sapindales_Sapindaceae_Acer_campestre
train_mini,1706698,9565,train_mini/09565_Plantae_Tracheophyta_Magnoliopsida_Sapindales_Sapindaceae_Acer_campestre/8f2bad82-f9f0-45b7-81ef-2d58fd054333.jpg,375,500,Acer campestre,09565_Plantae_Tracheophyta_Magnoliopsida_Sapindales_Sapindaceae_Acer_campestre
train_mini,1794932,9565,train_mini/09565_Plantae_Tracheophyta_Magnoliopsida_Sapindales_Sapindaceae_Acer_campestre/bc8b93f8-795e-4278-853b-0ff5b110e36b.jpg,375,500,Acer campestre,09565_Plantae_Tracheophyta_Magnoliopsida_Sapindales_Sapindaceae_Acer_campestre
train_mini,1874428,9565,train_mini/09565_Plantae_Tracheophyta_Magnoliopsida_Sapindales_Sapindaceae_Acer_campestre/f81cb224-7a82-4784-b98f-05ef0109a564.jpg,500,374,Acer campestre,09565_Plantae_Tracheophyta_Magnoliopsida_Sapindales_Sapindaceae_Acer_campestre
train_mini,1920510,9565,train_mini/09565_Plantae_Tracheophyta_Magnoliopsida_Sapindales_Sapindaceae_Acer_campestre/8a4d300b-849e-448c-9e5c-22e62a229c2c.jpg,500,333,Acer campestre,09565_Plantae_Tracheophyta_Magnoliopsida_Sapindales_Sapindaceae_Acer_campestre
train_mini,1922096,9565,train_mini/09565_Plantae_Tracheophyta_Magnoliopsida_Sapindales_Sapindaceae_Acer_campestre/a173552e-81d1-494e-85e2-5556a70a8645.jpg,375,500,Acer campestre,09565_Plantae_Tracheophyta_Magnoliopsida_Sapindales_Sapindaceae_Acer_campestre
train_mini,1924600,9565,train_mini/09565_Plantae_Tracheophyta_Magnoliopsida_Sapindales_Sapindaceae_Acer_campestre/ab71fa74-5cf2-4631-937f-3868932d2946.jpg,375,500,Acer campestre,09565_Plantae_Tracheophyta_Magnoliopsida_Sapindales_Sapindaceae_Acer_campestre
train_mini,2023891,9565,train_mini/09565_Plantae_Tracheophyta_Magnoliopsida_Sapindales_Sapindaceae_Acer_campestre/66d333f9-8dfe-4110-b9e9-f83c35da6b00.jpg,500,500,Acer campestre,09565_Plantae_Tracheophyta_Magnoliopsida_Sapindales_Sapindaceae_Acer_campestre
train_mini,2037939,9565,train_mini/09565_Plantae_Tracheophyta_Magnoliopsida_Sapindales_Sapindaceae_Acer_campestre/21072fce-96b7-4206-9c43-926dafc8e9e9.jpg,281,500,Acer campestre,09565_Plantae_Tracheophyta_Magnoliopsida_Sapindales_Sapindaceae_Acer_campestre
train_mini,2043042,9565,train_mini/09565_Plantae_Tracheophyta_Magnoliopsida_Sapindales_Sapindaceae_Acer_campestre/a828f07d-34c4-489b-abf2-9935dd387c6c.jpg,281,500,Acer campestre,09565_Plantae_Tracheophyta_Magnoliopsida_Sapindales_Sapindaceae_Acer_campestre
train_mini,2048875,9565,train_mini/09565_Plantae_Tracheophyta_Magnoliopsida_Sapindales_Sapindaceae_Acer_campestre/52a4e27f-69d6-40c8-8702-89ac31bd0175.jpg,500,375,Acer campestre,09565_Plantae_Tracheophyta_Magnoliopsida_Sapindales_Sapindaceae_Acer_campestre
train_mini,2129134,9565,train_mini/09565_Plantae_Tracheophyta_Magnoliopsida_Sapindales_Sapindaceae_Acer_campestre/47f3c6d8-e492-4002-8d74-86e31e2a59a1.jpg,500,375,Acer campestre,09565_Plantae_Tracheophyta_Magnoliopsida_Sapindales_Sapindaceae_Acer_campestre
train_mini,2196515,9565,train_mini/09565_Plantae_Tracheophyta_Magnoliopsida_Sapindales_Sapindaceae_Acer_campestre/d6e8735e-2c2e-4c9f-903f-4ad1942870ea.jpg,375,500,Acer campestre,09565_Plantae_Tracheophyta_Magnoliopsida_Sapindales_Sapindaceae_Acer_campestre
train_mini,2211358,9565,train_mini/09565_Plantae_Tracheophyta_Magnoliopsida_Sapindales_Sapindaceae_Acer_campestre/0608f908-29ba-4553-a677-6a660b655dca.jpg,375,500,Acer campestre,09565_Plantae_Tracheophyta_Magnoliopsida_Sapindales_Sapindaceae_Acer_campestre
train_mini,2249687,9565,train_mini/09565_Plantae_Tracheophyta_Magnoliopsida_Sapindales_Sapindaceae_Acer_campestre/61e0b8ca-7665-4853-9204-1add9d06df2b.jpg,500,375,Acer campestre,09565_Plantae_Tracheophyta_Magnoliopsida_Sapindales_Sapindaceae_Acer_campestre
train_mini,2275871,9565,train_mini/09565_Plantae_Tracheophyta_Magnoliopsida_Sapindales_Sapindaceae_Acer_campestre/c1524730-aea8-4f5f-af6d-98ada98c5390.jpg,375,500,Acer campestre,09565_Plantae_Tracheophyta_Magnoliopsida_Sapindales_Sapindaceae_Acer_campestre
train_mini,2280698,9565,train_mini/09565_Plantae_Tracheophyta_Magnoliopsida_Sapindales_Sapindaceae_Acer_campestre/5c1d7c75-dbe8-4b1d-ac67-8dd4a2f12353.jpg,375,500,Acer campestre,09565_Plantae_Tracheophyta_Magnoliopsida_Sapindales_Sapindaceae_Acer_campestre
train_mini,2300675,9565,train_mini/09565_Plantae_Tracheophyta_Magnoliopsida_Sapindales_Sapindaceae_Acer_campestre/db39cc88-cfb0-436e-8e48-691a7d0e0e28.jpg,500,375,Acer campestre,09565_Plantae_Tracheophyta_Magnoliopsida_Sapindales_Sapindaceae_Acer_campestre
train_mini,2307069,9565,train_mini/09565_Plantae_Tracheophyta_Magnoliopsida_Sapindales_Sapindaceae_Acer_campestre/3b9c35bb-690c-4a2a-8fcc-3d0f436e0dd1.jpg,500,375,Acer campestre,09565_Plantae_Tracheophyta_Magnoliopsida_Sapindales_Sapindaceae_Acer_campestre
train_mini,2317311,9565,train_mini/09565_Plantae_Tracheophyta_Magnoliopsida_Sapindales_Sapindaceae_Acer_campestre/6a26058c-f16b-43d3-982e-2339dd8dd22c.jpg,375,500,Acer campestre,09565_Plantae_Tracheophyta_Magnoliopsida_Sapindales_Sapindaceae_Acer_campestre
train_mini,2335894,9565,train_mini/09565_Plantae_Tracheophyta_Magnoliopsida_Sapindales_Sapindaceae_Acer_campestre/a120a0e1-7310-4e56-8687-3d6abb98b3d2.jpg,375,500,Acer campestre,09565_Plantae_Tracheophyta_Magnoliopsida_Sapindales_Sapindaceae_Acer_campestre
train_mini,2454692,9565,train_mini/09565_Plantae_Tracheophyta_Magnoliopsida_Sapindales_Sapindaceae_Acer_campestre/3dfc6acf-8627-4d3a-91d5-24a4d90deea7.jpg,500,375,Acer campestre,09565_Plantae_Tracheophyta_Magnoliopsida_Sapindales_Sapindaceae_Acer_campestre
train_mini,2517716,9565,train_mini/09565_Plantae_Tracheophyta_Magnoliopsida_Sapindales_Sapindaceae_Acer_campestre/0fa203f1-48db-4bb0-8cd8-4d106ba37b4f.jpg,500,350,Acer campestre,09565_Plantae_Tracheophyta_Magnoliopsida_Sapindales_Sapindaceae_Acer_campestre
train_mini,2559020,9565,train_mini/09565_Plantae_Tracheophyta_Magnoliopsida_Sapindales_Sapindaceae_Acer_campestre/af6d8c78-01f3-4193-832f-ae8afafe1966.jpg,500,375,Acer campestre,09565_Plantae_Tracheophyta_Magnoliopsida_Sapindales_Sapindaceae_Acer_campestre
train_mini,2586644,9565,train_mini/09565_Plantae_Tracheophyta_Magnoliopsida_Sapindales_Sapindaceae_Acer_campestre/c848bb26-1f34-4885-8c2e-9d59dc92229e.jpg,500,375,Acer campestre,09565_Plantae_Tracheophyta_Magnoliopsida_Sapindales_Sapindaceae_Acer_campestre
train_mini,2622526,9565,train_mini/09565_Plantae_Tracheophyta_Magnoliopsida_Sapindales_Sapindaceae_Acer_campestre/9898f2b0-49b4-4597-a41a-ac1c30535fb2.jpg,500,334,Acer campestre,09565_Plantae_Tracheophyta_Magnoliopsida_Sapindales_Sapindaceae_Acer_campestre
train_mini,87347,9797,train_mini/09797_Plantae_Tracheophyta_Pinopsida_Pinales_Pinaceae_Abies_alba/9db1e143-2dc5-49a3-986e-8a959b1727d4.jpg,374,500,Abies alba,09797_Plantae_Tracheophyta_Pinopsida_Pinales_Pinaceae_Abies_alba
train_mini,237545,9797,train_mini/09797_Plantae_Tracheophyta_Pinopsida_Pinales_Pinaceae_Abies_alba/3e0dc13c-ff16-4fd9-8e46-643953796c67.jpg,281,500,Abies alba,09797_Plantae_Tracheophyta_Pinopsida_Pinales_Pinaceae_Abies_alba
train_mini,253555,9797,train_mini/09797_Plantae_Tracheophyta_Pinopsida_Pinales_Pinaceae_Abies_alba/263052a7-c039-4f40-b334-d0735ddb4fd7.jpg,375,500,Abies alba,09797_Plantae_Tracheophyta_Pinopsida_Pinales_Pinaceae_Abies_alba
train_mini,253563,9797,train_mini/09797_Plantae_Tracheophyta_Pinopsida_Pinales_Pinaceae_Abies_alba/313c76f9-b845-4368-8acc-8fb4ac5a3626.jpg,375,500,Abies alba,09797_Plantae_Tracheophyta_Pinopsida_Pinales_Pinaceae_Abies_alba
train_mini,253565,9797,train_mini/09797_Plantae_Tracheophyta_Pinopsida_Pinales_Pinaceae_Abies_alba/d8dc8bb1-cfe6-43c7-ace6-b7b20003186f.jpg,375,500,Abies alba,09797_Plantae_Tracheophyta_Pinopsida_Pinales_Pinaceae_Abies_alba
train_mini,253566,9797,train_mini/09797_Plantae_Tracheophyta_Pinopsida_Pinales_Pinaceae_Abies_alba/60dc827a-4cc3-4e24-8a40-ccdda1524011.jpg,375,500,Abies alba,09797_Plantae_Tracheophyta_Pinopsida_Pinales_Pinaceae_Abies_alba
train_mini,267237,9797,train_mini/09797_Plantae_Tracheophyta_Pinopsida_Pinales_Pinaceae_Abies_alba/9ed6c7ce-321f-4f05-930c-5620a02bc7d6.jpg,500,375,Abies alba,09797_Plantae_Tracheophyta_Pinopsida_Pinales_Pinaceae_Abies_alba
train_mini,274990,9797,train_mini/09797_Plantae_Tracheophyta_Pinopsida_Pinales_Pinaceae_Abies_alba/7823bdb9-4d2f-4a42-923c-7da9ce55f7fd.jpg,375,500,Abies alba,09797_Plantae_Tracheophyta_Pinopsida_Pinales_Pinaceae_Abies_alba
train_mini,275030,9797,train_mini/09797_Plantae_Tracheophyta_Pinopsida_Pinales_Pinaceae_Abies_alba/86a33cd8-75b8-45eb-9b2a-63a23320d8af.jpg,375,500,Abies alba,09797_Plantae_Tracheophyta_Pinopsida_Pinales_Pinaceae_Abies_alba
train_mini,275032,9797,train_mini/09797_Plantae_Tracheophyta_Pinopsida_Pinales_Pinaceae_Abies_alba/05599970-0646-45c5-94ca-7d26fb410ec8.jpg,375,500,Abies alba,09797_Plantae_Tracheophyta_Pinopsida_Pinales_Pinaceae_Abies_alba
train_mini,275088,9797,train_mini/09797_Plantae_Tracheophyta_Pinopsida_Pinales_Pinaceae_Abies_alba/59016284-33a0-4980-ba69-e1d722f715ae.jpg,373,500,Abies alba,09797_Plantae_Tracheophyta_Pinopsida_Pinales_Pinaceae_Abies_alba
train_mini,275539,9797,train_mini/09797_Plantae_Tracheophyta_Pinopsida_Pinales_Pinaceae_Abies_alba/fb554fb3-5935-4a01-a414-ea0cace89d5d.jpg,375,500,Abies alba,09797_Plantae_Tracheophyta_Pinopsida_Pinales_Pinaceae_Abies_alba
train_mini,278781,9797,train_mini/09797_Plantae_Tracheophyta_Pinopsida_Pinales_Pinaceae_Abies_alba/b4b2348a-8fc0-4b02-9749-6bffa734398e.jpg,500,375,Abies alba,09797_Plantae_Tracheophyta_Pinopsida_Pinales_Pinaceae_Abies_alba
train_mini,405144,9797,train_mini/09797_Plantae_Tracheophyta_Pinopsida_Pinales_Pinaceae_Abies_alba/e9be73bf-8b80-4286-9905-e10633d1c922.jpg,375,500,Abies alba,09797_Plantae_Tracheophyta_Pinopsida_Pinales_Pinaceae_Abies_alba
train_mini,405152,9797,train_mini/09797_Plantae_Tracheophyta_Pinopsida_Pinales_Pinaceae_Abies_alba/d067b25f-5285-4aaf-aab4-7c2d2639cb6b.jpg,375,500,Abies alba,09797_Plantae_Tracheophyta_Pinopsida_Pinales_Pinaceae_Abies_alba
train_mini,405161,9797,train_mini/09797_Plantae_Tracheophyta_Pinopsida_Pinales_Pinaceae_Abies_alba/3505a74e-5d64-43e5-9c04-a7bad6d5760b.jpg,375,500,Abies alba,09797_Plantae_Tracheophyta_Pinopsida_Pinales_Pinaceae_Abies_alba
train_mini,405179,9797,train_mini/09797_Plantae_Tracheophyta_Pinopsida_Pinales_Pinaceae_Abies_alba/02b7ab01-807d-4207-9de6-8955ca06abd2.jpg,375,500,Abies alba,09797_Plantae_Tracheophyta_Pinopsida_Pinales_Pinaceae_Abies_alba
train_mini,405200,9797,train_mini/09797_Plantae_Tracheophyta_Pinopsida_Pinales_Pinaceae_Abies_alba/b6f94584-49af-4aaf-ba1b-7a01fd161d27.jpg,375,500,Abies alba,09797_Plantae_Tracheophyta_Pinopsida_Pinales_Pinaceae_Abies_alba
train_mini,405202,9797,train_mini/09797_Plantae_Tracheophyta_Pinopsida_Pinales_Pinaceae_Abies_alba/6ef66c4a-6f6d-429b-a941-f12d93980f86.jpg,375,500,Abies alba,09797_Plantae_Tracheophyta_Pinopsida_Pinales_Pinaceae_Abies_alba
train_mini,492849,9797,train_mini/09797_Plantae_Tracheophyta_Pinopsida_Pinales_Pinaceae_Abies_alba/c16b3ad2-2e46-42c3-b1c6-b8e5c14a7986.jpg,375,500,Abies alba,09797_Plantae_Tracheophyta_Pinopsida_Pinales_Pinaceae_Abies_alba
train_mini,574300,9797,train_mini/09797_Plantae_Tracheophyta_Pinopsida_Pinales_Pinaceae_Abies_alba/029f52df-2cc8-4a79-ac85-b6eab6cb0476.jpg,375,500,Abies alba,09797_Plantae_Tracheophyta_Pinopsida_Pinales_Pinaceae_Abies_alba
train_mini,743570,9797,train_mini/09797_Plantae_Tracheophyta_Pinopsida_Pinales_Pinaceae_Abies_alba/ae8f55f5-6b01-4e2b-98b2-bbba7778d153.jpg,500,375,Abies alba,09797_Plantae_Tracheophyta_Pinopsida_Pinales_Pinaceae_Abies_alba
train_mini,882998,9797,train_mini/09797_Plantae_Tracheophyta_Pinopsida_Pinales_Pinaceae_Abies_alba/e7cfe342-3624-4e16-87f6-b7bdbe83a428.jpg,385,500,Abies alba,09797_Plantae_Tracheophyta_Pinopsida_Pinales_Pinaceae_Abies_alba
train_mini,887886,9797,train_mini/09797_Plantae_Tracheophyta_Pinopsida_Pinales_Pinaceae_Abies_alba/e1c7aae7-912f-4f96-b8dd-ec582463559b.jpg,500,375,Abies alba,09797_Plantae_Tracheophyta_Pinopsida_Pinales_Pinaceae_Abies_alba
train_mini,907335,9797,train_mini/09797_Plantae_Tracheophyta_Pinopsida_Pinales_Pinaceae_Abies_alba/bb506cd3-7ba1-4c76-a2a8-1c0b8c54b4da.jpg,375,500,Abies alba,09797_Plantae_Tracheophyta_Pinopsida_Pinales_Pinaceae_Abies_alba
train_mini,1184019,9797,train_mini/09797_Plantae_Tracheophyta_Pinopsida_Pinales_Pinaceae_Abies_alba/4e74ce38-266f-4205-9b84-731bd256efa3.jpg,375,500,Abies alba,09797_Plantae_Tracheophyta_Pinopsida_Pinales_Pinaceae_Abies_alba
train_mini,1240502,9797,train_mini/09797_Plantae_Tracheophyta_Pinopsida_Pinales_Pinaceae_Abies_alba/1550cbac-b8ee-4da9-b822-2269f541c00c.jpg,375,500,Abies alba,09797_Plantae_Tracheophyta_Pinopsida_Pinales_Pinaceae_Abies_alba
train_mini,1292919,9797,train_mini/09797_Plantae_Tracheophyta_Pinopsida_Pinales_Pinaceae_Abies_alba/19c380dc-55c5-447b-9f01-14dfa3bd1b2f.jpg,375,500,Abies alba,09797_Plantae_Tracheophyta_Pinopsida_Pinales_Pinaceae_Abies_alba
train_mini,1405509,9797,train_mini/09797_Plantae_Tracheophyta_Pinopsida_Pinales_Pinaceae_Abies_alba/fd59e3b9-2820-46fd-9bce-34a38f0c4353.jpg,375,500,Abies alba,09797_Plantae_Tracheophyta_Pinopsida_Pinales_Pinaceae_Abies_alba
train_mini,1419494,9797,train_mini/09797_Plantae_Tracheophyta_Pinopsida_Pinales_Pinaceae_Abies_alba/8efd7c88-4ad0-464b-8ba8-40b7c6d406a3.jpg,375,500,Abies alba,09797_Plantae_Tracheophyta_Pinopsida_Pinales_Pinaceae_Abies_alba
train_mini,1422200,9797,train_mini/09797_Plantae_Tracheophyta_Pinopsida_Pinales_Pinaceae_Abies_alba/33df222c-e873-42f0-8ff5-cba01e88bab0.jpg,375,500,Abies alba,09797_Plantae_Tracheophyta_Pinopsida_Pinales_Pinaceae_Abies_alba
train_mini,1472357,9797,train_mini/09797_Plantae_Tracheophyta_Pinopsida_Pinales_Pinaceae_Abies_alba/b457f1bb-3eae-44c2-8a94-597444f25608.jpg,500,375,Abies alba,09797_Plantae_Tracheophyta_Pinopsida_Pinales_Pinaceae_Abies_alba
train_mini,1599257,9797,train_mini/09797_Plantae_Tracheophyta_Pinopsida_Pinales_Pinaceae_Abies_alba/4d148057-a13c-45d1-b667-940118d354f8.jpg,375,500,Abies alba,09797_Plantae_Tracheophyta_Pinopsida_Pinales_Pinaceae_Abies_alba
train_mini,1710373,9797,train_mini/09797_Plantae_Tracheophyta_Pinopsida_Pinales_Pinaceae_Abies_alba/cdeedb0e-04f6-4abe-b92c-0725ef03b38c.jpg,500,375,Abies alba,09797_Plantae_Tracheophyta_Pinopsida_Pinales_Pinaceae_Abies_alba
train_mini,1749694,9797,train_mini/09797_Plantae_Tracheophyta_Pinopsida_Pinales_Pinaceae_Abies_alba/82fe2ebb-8b2b-4929-b703-cf535aa41e0a.jpg,500,333,Abies alba,09797_Plantae_Tracheophyta_Pinopsida_Pinales_Pinaceae_Abies_alba
train_mini,1789697,9797,train_mini/09797_Plantae_Tracheophyta_Pinopsida_Pinales_Pinaceae_Abies_alba/11a72a3f-7cba-44a4-a4ff-ce46d4e69518.jpg,375,500,Abies alba,09797_Plantae_Tracheophyta_Pinopsida_Pinales_Pinaceae_Abies_alba
train_mini,1808443,9797,train_mini/09797_Plantae_Tracheophyta_Pinopsida_Pinales_Pinaceae_Abies_alba/ec465597-7822-40ef-90c1-4fa68e671fbe.jpg,375,500,Abies alba,09797_Plantae_Tracheophyta_Pinopsida_Pinales_Pinaceae_Abies_alba
train_mini,1837827,9797,train_mini/09797_Plantae_Tracheophyta_Pinopsida_Pinales_Pinaceae_Abies_alba/8e133d8c-c1a5-42e7-b5e4-bec10a4f1485.jpg,375,500,Abies alba,09797_Plantae_Tracheophyta_Pinopsida_Pinales_Pinaceae_Abies_alba
train_mini,2001304,9797,train_mini/09797_Plantae_Tracheophyta_Pinopsida_Pinales_Pinaceae_Abies_alba/75c49b40-9a94-46dc-a6b3-ecca36236f78.jpg,500,375,Abies alba,09797_Plantae_Tracheophyta_Pinopsida_Pinales_Pinaceae_Abies_alba
train_mini,2017023,9797,train_mini/09797_Plantae_Tracheophyta_Pinopsida_Pinales_Pinaceae_Abies_alba/c1af7f4b-68a8-4f7a-a234-446f919c73db.jpg,281,500,Abies alba,09797_Plantae_Tracheophyta_Pinopsida_Pinales_Pinaceae_Abies_alba
train_mini,2100662,9797,train_mini/09797_Plantae_Tracheophyta_Pinopsida_Pinales_Pinaceae_Abies_alba/1c11f61a-e310-4eea-ae95-c4631e6c7cff.jpg,375,500,Abies alba,09797_Plantae_Tracheophyta_Pinopsida_Pinales_Pinaceae_Abies_alba
train_mini,2118603,9797,train_mini/09797_Plantae_Tracheophyta_Pinopsida_Pinales_Pinaceae_Abies_alba/3e86aa47-320f-4169-81d0-16cffcf123b8.jpg,500,375,Abies alba,09797_Plantae_Tracheophyta_Pinopsida_Pinales_Pinaceae_Abies_alba
train_mini,2178220,9797,train_mini/09797_Plantae_Tracheophyta_Pinopsida_Pinales_Pinaceae_Abies_alba/6d82c315-b8c6-40fe-8788-419e1f41d472.jpg,243,500,Abies alba,09797_Plantae_Tracheophyta_Pinopsida_Pinales_Pinaceae_Abies_alba
train_mini,2210908,9797,train_mini/09797_Plantae_Tracheophyta_Pinopsida_Pinales_Pinaceae_Abies_alba/251c1487-244a-4b28-bd2a-abd4336a5f76.jpg,500,375,Abies alba,09797_Plantae_Tracheophyta_Pinopsida_Pinales_Pinaceae_Abies_alba
train_mini,2273299,9797,train_mini/09797_Plantae_Tracheophyta_Pinopsida_Pinales_Pinaceae_Abies_alba/496d91c6-7f9e-4216-b8c3-3c0ea00a17a5.jpg,406,500,Abies alba,09797_Plantae_Tracheophyta_Pinopsida_Pinales_Pinaceae_Abies_alba
train_mini,2302987,9797,train_mini/09797_Plantae_Tracheophyta_Pinopsida_Pinales_Pinaceae_Abies_alba/e7a09cd3-5bcb-4957-bf5e-9d1822849344.jpg,500,375,Abies alba,09797_Plantae_Tracheophyta_Pinopsida_Pinales_Pinaceae_Abies_alba
train_mini,2316033,9797,train_mini/09797_Plantae_Tracheophyta_Pinopsida_Pinales_Pinaceae_Abies_alba/64ecf77d-f6f1-4103-bbea-00313fe47976.jpg,375,500,Abies alba,09797_Plantae_Tracheophyta_Pinopsida_Pinales_Pinaceae_Abies_alba
train_mini,2426821,9797,train_mini/09797_Plantae_Tracheophyta_Pinopsida_Pinales_Pinaceae_Abies_alba/c2743eba-5e9d-4816-b681-23c02e77946c.jpg,500,355,Abies alba,09797_Plantae_Tracheophyta_Pinopsida_Pinales_Pinaceae_Abies_alba
train_mini,2557379,9797,train_mini/09797_Plantae_Tracheophyta_Pinopsida_Pinales_Pinaceae_Abies_alba/e2dfc050-76d7-4b78-b25d-5ae47535831b.jpg,500,375,Abies alba,09797_Plantae_Tracheophyta_Pinopsida_Pinales_Pinaceae_Abies_alba
train_mini,2613301,9797,train_mini/09797_Plantae_Tracheophyta_Pinopsida_Pinales_Pinaceae_Abies_alba/19ac4508-6369-4296-9a1e-c25e81fa931e.jpg,439,500,Abies alba,09797_Plantae_Tracheophyta_Pinopsida_Pinales_Pinaceae_Abies_alba
train_mini,317,9966,train_mini/09966_Plantae_Tracheophyta_Polypodiopsida_Polypodiales_Pteridaceae_Adiantum_aleuticum/4e3e0010-70d2-4450-be54-87652312e497.jpg,333,500,Adiantum aleuticum,09966_Plantae_Tracheophyta_Polypodiopsida_Polypodiales_Pteridaceae_Adiantum_aleuticum
train_mini,15946,9966,train_mini/09966_Plantae_Tracheophyta_Polypodiopsida_Polypodiales_Pteridaceae_Adiantum_aleuticum/3d5ba0a7-6cd6-4517-9d34-02ecd5af66c0.jpg,500,375,Adiantum aleuticum,09966_Plantae_Tracheophyta_Polypodiopsida_Polypodiales_Pteridaceae_Adiantum_aleuticum
train_mini,65565,9966,train_mini/09966_Plantae_Tracheophyta_Polypodiopsida_Polypodiales_Pteridaceae_Adiantum_aleuticum/df9296e9-683e-449f-b561-045a49a5b8bb.jpg,375,500,Adiantum aleuticum,09966_Plantae_Tracheophyta_Polypodiopsida_Polypodiales_Pteridaceae_Adiantum_aleuticum
train_mini,66015,9966,train_mini/09966_Plantae_Tracheophyta_Polypodiopsida_Polypodiales_Pteridaceae_Adiantum_aleuticum/360d1e46-c1b8-49a2-b282-5c55d87142f5.jpg,500,332,Adiantum aleuticum,09966_Plantae_Tracheophyta_Polypodiopsida_Polypodiales_Pteridaceae_Adiantum_aleuticum
train_mini,161044,9966,train_mini/09966_Plantae_Tracheophyta_Polypodiopsida_Polypodiales_Pteridaceae_Adiantum_aleuticum/cf9a8f68-4284-49de-8f6c-b63eeb8fdbe9.jpg,375,500,Adiantum aleuticum,09966_Plantae_Tracheophyta_Polypodiopsida_Polypodiales_Pteridaceae_Adiantum_aleuticum
train_mini,173827,9966,train_mini/09966_Plantae_Tracheophyta_Polypodiopsida_Polypodiales_Pteridaceae_Adiantum_aleuticum/06b8a474-f277-4094-82a1-b5ae7d31c7c4.jpg,373,500,Adiantum aleuticum,09966_Plantae_Tracheophyta_Polypodiopsida_Polypodiales_Pteridaceae_Adiantum_aleuticum
train_mini,293703,9966,train_mini/09966_Plantae_Tracheophyta_Polypodiopsida_Polypodiales_Pteridaceae_Adiantum_aleuticum/7770ab7f-08c2-4b04-9fe9-45d3c8aef0a8.jpg,281,500,Adiantum aleuticum,09966_Plantae_Tracheophyta_Polypodiopsida_Polypodiales_Pteridaceae_Adiantum_aleuticum
train_mini,432140,9966,train_mini/09966_Plantae_Tracheophyta_Polypodiopsida_Polypodiales_Pteridaceae_Adiantum_aleuticum/e74211e9-c4f9-420d-b5f3-9e463f7295b5.jpg,500,334,Adiantum aleuticum,09966_Plantae_Tracheophyta_Polypodiopsida_Polypodiales_Pteridaceae_Adiantum_aleuticum
train_mini,461091,9966,train_mini/09966_Plantae_Tracheophyta_Polypodiopsida_Polypodiales_Pteridaceae_Adiantum_aleuticum/7a07dc8e-fdd4-4751-ac07-de57633b07fe.jpg,375,500,Adiantum aleuticum,09966_Plantae_Tracheophyta_Polypodiopsida_Polypodiales_Pteridaceae_Adiantum_aleuticum
train_mini,502546,9966,train_mini/09966_Plantae_Tracheophyta_Polypodiopsida_Polypodiales_Pteridaceae_Adiantum_aleuticum/b9571b05-cb2c-4907-92a1-e6a9844db440.jpg,500,375,Adiantum aleuticum,09966_Plantae_Tracheophyta_Polypodiopsida_Polypodiales_Pteridaceae_Adiantum_aleuticum
train_mini,505622,9966,train_mini/09966_Plantae_Tracheophyta_Polypodiopsida_Polypodiales_Pteridaceae_Adiantum_aleuticum/507a51ae-d1f1-4e92-b635-837813c4f084.jpg,500,333,Adiantum aleuticum,09966_Plantae_Tracheophyta_Polypodiopsida_Polypodiales_Pteridaceae_Adiantum_aleuticum
train_mini,515184,9966,train_mini/09966_Plantae_Tracheophyta_Polypodiopsida_Polypodiales_Pteridaceae_Adiantum_aleuticum/b3c99cc5-ae10-4230-bf7c-c46fb3a584f7.jpg,281,500,Adiantum aleuticum,09966_Plantae_Tracheophyta_Polypodiopsida_Polypodiales_Pteridaceae_Adiantum_aleuticum
train_mini,521263,9966,train_mini/09966_Plantae_Tracheophyta_Polypodiopsida_Polypodiales_Pteridaceae_Adiantum_aleuticum/2d75b261-2b83-4d87-8306-54c397a44b60.jpg,375,500,Adiantum aleuticum,09966_Plantae_Tracheophyta_Polypodiopsida_Polypodiales_Pteridaceae_Adiantum_aleuticum
train_mini,678807,9966,train_mini/09966_Plantae_Tracheophyta_Polypodiopsida_Polypodiales_Pteridaceae_Adiantum_aleuticum/9bde5101-b89b-4074-9ae1-09688b39d150.jpg,375,500,Adiantum aleuticum,09966_Plantae_Tracheophyta_Polypodiopsida_Polypodiales_Pteridaceae_Adiantum_aleuticum
train_mini,827697,9966,train_mini/09966_Plantae_Tracheophyta_Polypodiopsida_Polypodiales_Pteridaceae_Adiantum_aleuticum/0fd573e7-1c68-470c-842e-50c26340b48c.jpg,500,375,Adiantum aleuticum,09966_Plantae_Tracheophyta_Polypodiopsida_Polypodiales_Pteridaceae_Adiantum_aleuticum
train_mini,835831,9966,train_mini/09966_Plantae_Tracheophyta_Polypodiopsida_Polypodiales_Pteridaceae_Adiantum_aleuticum/ec8d71ec-0b9f-494d-8c19-1f533de252ec.jpg,500,375,Adiantum aleuticum,09966_Plantae_Tracheophyta_Polypodiopsida_Polypodiales_Pteridaceae_Adiantum_aleuticum
train_mini,926613,9966,train_mini/09966_Plantae_Tracheophyta_Polypodiopsida_Polypodiales_Pteridaceae_Adiantum_aleuticum/eee5589c-decc-4898-a341-81c1d43d2dbf.jpg,375,500,Adiantum aleuticum,09966_Plantae_Tracheophyta_Polypodiopsida_Polypodiales_Pteridaceae_Adiantum_aleuticum
train_mini,981533,9966,train_mini/09966_Plantae_Tracheophyta_Polypodiopsida_Polypodiales_Pteridaceae_Adiantum_aleuticum/ea7f50f2-edea-4fcc-bcfa-f25e772dee41.jpg,375,500,Adiantum aleuticum,09966_Plantae_Tracheophyta_Polypodiopsida_Polypodiales_Pteridaceae_Adiantum_aleuticum
train_mini,1035956,9966,train_mini/09966_Plantae_Tracheophyta_Polypodiopsida_Polypodiales_Pteridaceae_Adiantum_aleuticum/c0b9595f-0201-4bb6-957d-1d589d2c399a.jpg,375,500,Adiantum aleuticum,09966_Plantae_Tracheophyta_Polypodiopsida_Polypodiales_Pteridaceae_Adiantum_aleuticum
train_mini,1082586,9966,train_mini/09966_Plantae_Tracheophyta_Polypodiopsida_Polypodiales_Pteridaceae_Adiantum_aleuticum/9a18b6bd-162c-4640-b2da-c0a16ef3b2cc.jpg,375,500,Adiantum aleuticum,09966_Plantae_Tracheophyta_Polypodiopsida_Polypodiales_Pteridaceae_Adiantum_aleuticum
train_mini,1153275,9966,train_mini/09966_Plantae_Tracheophyta_Polypodiopsida_Polypodiales_Pteridaceae_Adiantum_aleuticum/beb1c3d8-8648-43da-b096-8fb06e3a90ac.jpg,375,500,Adiantum aleuticum,09966_Plantae_Tracheophyta_Polypodiopsida_Polypodiales_Pteridaceae_Adiantum_aleuticum
train_mini,1262302,9966,train_mini/09966_Plantae_Tracheophyta_Polypodiopsida_Polypodiales_Pteridaceae_Adiantum_aleuticum/470c9d2d-914d-4aee-a4f8-b9c5baecaa24.jpg,375,500,Adiantum aleuticum,09966_Plantae_Tracheophyta_Polypodiopsida_Polypodiales_Pteridaceae_Adiantum_aleuticum
train_mini,1378174,9966,train_mini/09966_Plantae_Tracheophyta_Polypodiopsida_Polypodiales_Pteridaceae_Adiantum_aleuticum/b0569753-bd6b-4bff-863f-74dee2a37193.jpg,375,500,Adiantum aleuticum,09966_Plantae_Tracheophyta_Polypodiopsida_Polypodiales_Pteridaceae_Adiantum_aleuticum
train_mini,1552812,9966,train_mini/09966_Plantae_Tracheophyta_Polypodiopsida_Polypodiales_Pteridaceae_Adiantum_aleuticum/34059727-bc97-4517-bd2c-7d503c4a0eec.jpg,500,375,Adiantum aleuticum,09966_Plantae_Tracheophyta_Polypodiopsida_Polypodiales_Pteridaceae_Adiantum_aleuticum
train_mini,1593374,9966,train_mini/09966_Plantae_Tracheophyta_Polypodiopsida_Polypodiales_Pteridaceae_Adiantum_aleuticum/4e5122be-1353-45be-823a-85cb68771d51.jpg,375,500,Adiantum aleuticum,09966_Plantae_Tracheophyta_Polypodiopsida_Polypodiales_Pteridaceae_Adiantum_aleuticum
train_mini,1630529,9966,train_mini/09966_Plantae_Tracheophyta_Polypodiopsida_Polypodiales_Pteridaceae_Adiantum_aleuticum/74dbb858-5a71-4ed3-bed3-c4075ef529e0.jpg,375,500,Adiantum aleuticum,09966_Plantae_Tracheophyta_Polypodiopsida_Polypodiales_Pteridaceae_Adiantum_aleuticum
train_mini,1684185,9966,train_mini/09966_Plantae_Tracheophyta_Polypodiopsida_Polypodiales_Pteridaceae_Adiantum_aleuticum/0e870b30-741e-4a91-9972-dafaa828ab36.jpg,375,500,Adiantum aleuticum,09966_Plantae_Tracheophyta_Polypodiopsida_Polypodiales_Pteridaceae_Adiantum_aleuticum
train_mini,1725785,9966,train_mini/09966_Plantae_Tracheophyta_Polypodiopsida_Polypodiales_Pteridaceae_Adiantum_aleuticum/95e5d7fe-3953-4e1d-916f-0a49ddf051a0.jpg,375,500,Adiantum aleuticum,09966_Plantae_Tracheophyta_Polypodiopsida_Polypodiales_Pteridaceae_Adiantum_aleuticum
train_mini,1748307,9966,train_mini/09966_Plantae_Tracheophyta_Polypodiopsida_Polypodiales_Pteridaceae_Adiantum_aleuticum/4ad002b6-3329-4892-be6b-a3530cab27ac.jpg,375,500,Adiantum aleuticum,09966_Plantae_Tracheophyta_Polypodiopsida_Polypodiales_Pteridaceae_Adiantum_aleuticum
train_mini,1791679,9966,train_mini/09966_Plantae_Tracheophyta_Polypodiopsida_Polypodiales_Pteridaceae_Adiantum_aleuticum/ad9fe67b-1b79-4b40-a8cf-6d2fe243533a.jpg,375,500,Adiantum aleuticum,09966_Plantae_Tracheophyta_Polypodiopsida_Polypodiales_Pteridaceae_Adiantum_aleuticum
train_mini,1803256,9966,train_mini/09966_Plantae_Tracheophyta_Polypodiopsida_Polypodiales_Pteridaceae_Adiantum_aleuticum/3daf55c9-dc57-430c-a0f2-e8c373c4f03c.jpg,375,500,Adiantum aleuticum,09966_Plantae_Tracheophyta_Polypodiopsida_Polypodiales_Pteridaceae_Adiantum_aleuticum
train_mini,1816895,9966,train_mini/09966_Plantae_Tracheophyta_Polypodiopsida_Polypodiales_Pteridaceae_Adiantum_aleuticum/ff70a7cf-bd8a-4a9d-8004-3d4266094ecc.jpg,500,375,Adiantum aleuticum,09966_Plantae_Tracheophyta_Polypodiopsida_Polypodiales_Pteridaceae_Adiantum_aleuticum
train_mini,1824918,9966,train_mini/09966_Plantae_Tracheophyta_Polypodiopsida_Polypodiales_Pteridaceae_Adiantum_aleuticum/ac8d90e2-ea6a-4224-85bd-49624a2fbc14.jpg,375,500,Adiantum aleuticum,09966_Plantae_Tracheophyta_Polypodiopsida_Polypodiales_Pteridaceae_Adiantum_aleuticum
train_mini,1867811,9966,train_mini/09966_Plantae_Tracheophyta_Polypodiopsida_Polypodiales_Pteridaceae_Adiantum_aleuticum/0e682b3e-9bd2-4ed7-ae7f-55e9cdc7f514.jpg,500,375,Adiantum aleuticum,09966_Plantae_Tracheophyta_Polypodiopsida_Polypodiales_Pteridaceae_Adiantum_aleuticum
train_mini,1898936,9966,train_mini/09966_Plantae_Tracheophyta_Polypodiopsida_Polypodiales_Pteridaceae_Adiantum_aleuticum/a30a9f2d-1ab1-4888-80df-23bec36ede71.jpg,375,500,Adiantum aleuticum,09966_Plantae_Tracheophyta_Polypodiopsida_Polypodiales_Pteridaceae_Adiantum_aleuticum
train_mini,1919185,9966,train_mini/09966_Plantae_Tracheophyta_Polypodiopsida_Polypodiales_Pteridaceae_Adiantum_aleuticum/2c8df136-ef01-4c76-b5b8-8b8c662798da.jpg,375,500,Adiantum aleuticum,09966_Plantae_Tracheophyta_Polypodiopsida_Polypodiales_Pteridaceae_Adiantum_aleuticum
train_mini,1929274,9966,train_mini/09966_Plantae_Tracheophyta_Polypodiopsida_Polypodiales_Pteridaceae_Adiantum_aleuticum/0ed257b1-9936-4eca-aaaa-d73687e6a994.jpg,375,500,Adiantum aleuticum,09966_Plantae_Tracheophyta_Polypodiopsida_Polypodiales_Pteridaceae_Adiantum_aleuticum
train_mini,1954959,9966,train_mini/09966_Plantae_Tracheophyta_Polypodiopsida_Polypodiales_Pteridaceae_Adiantum_aleuticum/dc4c69a7-d083-4c5d-8bea-8f3f9c6b8f9e.jpg,375,500,Adiantum aleuticum,09966_Plantae_Tracheophyta_Polypodiopsida_Polypodiales_Pteridaceae_Adiantum_aleuticum
train_mini,2009810,9966,train_mini/09966_Plantae_Tracheophyta_Polypodiopsida_Polypodiales_Pteridaceae_Adiantum_aleuticum/d546e4d0-fcc9-4ff2-9c48-e4f00e3a5be3.jpg,375,500,Adiantum aleuticum,09966_Plantae_Tracheophyta_Polypodiopsida_Polypodiales_Pteridaceae_Adiantum_aleuticum
train_mini,2034434,9966,train_mini/09966_Plantae_Tracheophyta_Polypodiopsida_Polypodiales_Pteridaceae_Adiantum_aleuticum/9069e0f3-e0f4-4f99-83e4-d933e00a37b6.jpg,500,333,Adiantum aleuticum,09966_Plantae_Tracheophyta_Polypodiopsida_Polypodiales_Pteridaceae_Adiantum_aleuticum
train_mini,2042046,9966,train_mini/09966_Plantae_Tracheophyta_Polypodiopsida_Polypodiales_Pteridaceae_Adiantum_aleuticum/6d2d573e-2368-4069-a014-9410c104a682.jpg,375,500,Adiantum aleuticum,09966_Plantae_Tracheophyta_Polypodiopsida_Polypodiales_Pteridaceae_Adiantum_aleuticum
train_mini,2053569,9966,train_mini/09966_Plantae_Tracheophyta_Polypodiopsida_Polypodiales_Pteridaceae_Adiantum_aleuticum/4e9b7a09-ca46-4f05-af1f-3e3aa381c247.jpg,375,500,Adiantum aleuticum,09966_Plantae_Tracheophyta_Polypodiopsida_Polypodiales_Pteridaceae_Adiantum_aleuticum
train_mini,2144351,9966,train_mini/09966_Plantae_Tracheophyta_Polypodiopsida_Polypodiales_Pteridaceae_Adiantum_aleuticum/9a089e57-89b1-4e07-a537-c17708a19fd4.jpg,500,375,Adiantum aleuticum,09966_Plantae_Tracheophyta_Polypodiopsida_Polypodiales_Pteridaceae_Adiantum_aleuticum
train_mini,2269202,9966,train_mini/09966_Plantae_Tracheophyta_Polypodiopsida_Polypodiales_Pteridaceae_Adiantum_aleuticum/58ef4e16-bbd7-4f2c-9347-e64cfc8a0dd9.jpg,375,500,Adiantum aleuticum,09966_Plantae_Tracheophyta_Polypodiopsida_Polypodiales_Pteridaceae_Adiantum_aleuticum
train_mini,2291185,9966,train_mini/09966_Plantae_Tracheophyta_Polypodiopsida_Polypodiales_Pteridaceae_Adiantum_aleuticum/dcd6ca5b-6109-4322-97b2-b69e4f9dd6df.jpg,243,500,Adiantum aleuticum,09966_Plantae_Tracheophyta_Polypodiopsida_Polypodiales_Pteridaceae_Adiantum_aleuticum
train_mini,2334509,9966,train_mini/09966_Plantae_Tracheophyta_Polypodiopsida_Polypodiales_Pteridaceae_Adiantum_aleuticum/9c398e64-0c4c-4a64-b1f6-07790b340b1f.jpg,375,500,Adiantum aleuticum,09966_Plantae_Tracheophyta_Polypodiopsida_Polypodiales_Pteridaceae_Adiantum_aleuticum
train_mini,2414878,9966,train_mini/09966_Plantae_Tracheophyta_Polypodiopsida_Polypodiales_Pteridaceae_Adiantum_aleuticum/edc45d8c-e834-4220-8183-879cb87c9a22.jpg,375,500,Adiantum aleuticum,09966_Plantae_Tracheophyta_Polypodiopsida_Polypodiales_Pteridaceae_Adiantum_aleuticum
train_mini,2474208,9966,train_mini/09966_Plantae_Tracheophyta_Polypodiopsida_Polypodiales_Pteridaceae_Adiantum_aleuticum/e6ee26ae-f8bc-4097-addb-78f849b9ae12.jpg,500,495,Adiantum aleuticum,09966_Plantae_Tracheophyta_Polypodiopsida_Polypodiales_Pteridaceae_Adiantum_aleuticum
train_mini,2478680,9966,train_mini/09966_Plantae_Tracheophyta_Polypodiopsida_Polypodiales_Pteridaceae_Adiantum_aleuticum/61446332-4ec2-4842-ade8-b40dc09403be.jpg,297,500,Adiantum aleuticum,09966_Plantae_Tracheophyta_Polypodiopsida_Polypodiales_Pteridaceae_Adiantum_aleuticum
train_mini,2673765,9966,train_mini/09966_Plantae_Tracheophyta_Polypodiopsida_Polypodiales_Pteridaceae_Adiantum_aleuticum/60697236-f5e3-4525-886d-ec2007c13ef6.jpg,375,500,Adiantum aleuticum,09966_Plantae_Tracheophyta_Polypodiopsida_Polypodiales_Pteridaceae_Adiantum_aleuticum
